TF	gene	nMotifs	bestMotif	NES	highConfAnnot	Genie3Weight
Dlx5	2610203C20Rik	2	transfac_pro__M01388	3.92	TRUE	0.515189741892179
Dlx5	Adamts17	2	transfac_pro__M01388	3.92	TRUE	0.294668285959005
Dlx5	AI854703	2	transfac_pro__M01388	3.92	TRUE	0.0958839607876403
Dlx5	Arhgef10l	2	transfac_pro__M01388	3.92	TRUE	0.0687793561799364
Dlx5	Bahcc1	2	transfac_pro__M01388	3.92	TRUE	0.205091416380476
Dlx5	Cirbp	2	transfac_pro__M01388	3.92	TRUE	0.142317677565311
Dlx5	Cplx1	2	transfac_pro__M01388	3.92	TRUE	0.162059358313277
Dlx5	Dlx1	2	transfac_pro__M01388	3.92	TRUE	0.799387805626528
Dlx5	Gad1	2	transfac_pro__M01388	3.92	TRUE	0.16769967345562
Dlx5	Gadd45gip1	2	transfac_pro__M01388	3.92	TRUE	0.137905987882031
Dlx5	Hexim2	2	transfac_pro__M01388	3.92	TRUE	0.101916054321025
Dlx5	Igf1	2	transfac_pro__M01388	3.92	TRUE	0.222626368462582
Dlx5	Iglon5	2	transfac_pro__M01388	3.92	TRUE	0.12518248059075
Dlx5	Ltbp3	2	transfac_pro__M01388	3.92	TRUE	0.151948002490983
Dlx5	Myt1	2	transfac_pro__M01388	3.92	TRUE	0.252504979558433
Dlx5	Npas1	2	transfac_pro__M01388	3.92	TRUE	0.321564922038444
Dlx5	Nxph1	2	transfac_pro__M01388	3.92	TRUE	0.146897495220946
Dlx5	Peli2	2	transfac_pro__M01388	3.92	TRUE	0.103763407724172
Dlx5	Plekha6	2	transfac_pro__M01388	3.92	TRUE	0.0661852717720803
Dlx5	Prkab1	2	transfac_pro__M01388	3.92	TRUE	0.307395971575825
Dlx5	Ptchd2	2	transfac_pro__M01388	3.92	TRUE	0.135064870358481
Dlx5	Racgap1	2	transfac_pro__M01388	3.92	TRUE	0.218063689469797
Dlx5	Rgs8	1	transfac_pro__M01388	3.92	TRUE	0.151180016302764
Dlx5	Robo1	1	transfac_pro__M01388	3.92	TRUE	0.123325617151158
Dlx5	Rpl34	2	transfac_pro__M01388	3.92	TRUE	0.214190408625413
Dlx5	Sema3c	2	transfac_pro__M01388	3.92	TRUE	0.119433401637275
Dlx5	Shisa9	2	transfac_pro__M01388	3.92	TRUE	0.143401481715471
Dlx5	Slc12a5	2	transfac_pro__M01388	3.92	TRUE	0.0558729167643947
Dlx5	Slc39a6	2	transfac_pro__M01388	3.92	TRUE	0.152895621750207
Dlx5	Spns2	2	transfac_pro__M01388	3.92	TRUE	0.0918153939958909
Dlx5	Stox2	2	transfac_pro__M01388	3.92	TRUE	0.0792189952772841
Dlx5	Syt6	2	transfac_pro__M01388	3.92	TRUE	0.518857155521306
Dlx5	Unc5d	2	transfac_pro__M01388	3.92	TRUE	0.304381560546262
Dlx5	Wnt5a	2	transfac_pro__M01388	3.92	TRUE	0.253698963918541
Dlx5	A830010M20Rik	1	cisbp__M1996	3.06	FALSE	0.0714746209658055
Dlx5	Abcg2	1	cisbp__M1996	3.06	FALSE	0.12259860746338
Dlx5	Ablim1	1	cisbp__M1996	3.06	FALSE	0.108876849921282
Dlx5	Ache	1	cisbp__M1996	3.06	FALSE	0.187058109614685
Dlx5	Adarb2	1	cisbp__M1996	3.06	FALSE	0.195357887224207
Dlx5	Adcyap1r1	1	cisbp__M1996	3.06	FALSE	0.216038473633342
Dlx5	Add3	1	cisbp__M1996	3.06	FALSE	0.0485315137372717
Dlx5	Akr1b10	1	cisbp__M1996	3.06	FALSE	0.0762504767573507
Dlx5	Alk	1	cisbp__M1996	3.06	FALSE	0.15689708530369
Dlx5	Ank1	1	cisbp__M1996	3.06	FALSE	0.201216600469173
Dlx5	Ankrd27	1	cisbp__M1996	3.06	FALSE	0.0692966911853542
Dlx5	Ankrd40	1	cisbp__M1996	3.06	FALSE	0.135459247587934
Dlx5	Ankrd50	1	cisbp__M1996	3.06	FALSE	0.213937120376338
Dlx5	Ankrd55	1	cisbp__M1996	3.06	FALSE	0.106905013840258
Dlx5	Arhgap6	1	cisbp__M1996	3.06	FALSE	0.149275265499437
Dlx5	Arhgef12	1	cisbp__M1996	3.06	FALSE	0.0852891460714438
Dlx5	Bend4	1	cisbp__M1996	3.06	FALSE	0.259624119245284
Dlx5	Boc	1	cisbp__M1996	3.06	FALSE	0.0712583908048246
Dlx5	Brd2	1	cisbp__M1996	3.06	FALSE	0.0498315101345861
Dlx5	Btbd11	1	cisbp__M1996	3.06	FALSE	0.268424422990388
Dlx5	C1qtnf1	1	cisbp__M1996	3.06	FALSE	0.236342305833945
Dlx5	Cabp1	1	cisbp__M1996	3.06	FALSE	0.0992369457309359
Dlx5	Cacna1i	1	cisbp__M1996	3.06	FALSE	0.109236120245969
Dlx5	Calb2	1	cisbp__M1996	3.06	FALSE	0.124201267192354
Dlx5	Camk2d	1	cisbp__M1996	3.06	FALSE	0.130776371560909
Dlx5	Cbln2	1	cisbp__M1996	3.06	FALSE	0.141826303682479
Dlx5	Cd83	1	cisbp__M1996	3.06	FALSE	0.128031175566278
Dlx5	Cited2	1	cisbp__M1996	3.06	FALSE	0.195146211974581
Dlx5	Clasp1	1	cisbp__M1996	3.06	FALSE	0.0857164777598964
Dlx5	Cntfr	1	cisbp__M1996	3.06	FALSE	0.170516608798503
Dlx5	Cntn5	1	cisbp__M1996	3.06	FALSE	0.0804342215726943
Dlx5	Cntnap2	1	cisbp__M1996	3.06	FALSE	0.15516883841218
Dlx5	Cntnap4	1	cisbp__M1996	3.06	FALSE	0.533975814436136
Dlx5	Col19a1	1	cisbp__M1996	3.06	FALSE	0.395710532805052
Dlx5	Col25a1	1	cisbp__M1996	3.06	FALSE	0.369292418470725
Dlx5	Crabp1	1	cisbp__M1996	3.06	FALSE	0.0499317475352877
Dlx5	Crh	1	cisbp__M1996	3.06	FALSE	0.100850279050137
Dlx5	Crispld1	1	cisbp__M1996	3.06	FALSE	0.0844464747558773
Dlx5	Crtac1	1	cisbp__M1996	3.06	FALSE	0.0612566405040388
Dlx5	Csdc2	1	cisbp__M1996	3.06	FALSE	0.162263110680016
Dlx5	Ctnnbip1	1	cisbp__M1996	3.06	FALSE	0.227710898361793
Dlx5	Cyp46a1	1	cisbp__M1996	3.06	FALSE	0.0423435991152239
Dlx5	Dclk1	1	cisbp__M1996	3.06	FALSE	0.0662094319092091
Dlx5	Ddah1	1	cisbp__M1996	3.06	FALSE	0.107122945407775
Dlx5	Dlg2	1	cisbp__M1996	3.06	FALSE	0.175761918157998
Dlx5	Dlgap3	1	cisbp__M1996	3.06	FALSE	0.0582909082937976
Dlx5	Dlx5	1	cisbp__M1996	3.06	FALSE	NA
Dlx5	Dock3	1	cisbp__M1996	3.06	FALSE	0.0856931648447013
Dlx5	Dpysl5	1	cisbp__M1996	3.06	FALSE	0.236985590173745
Dlx5	Dyrk1a	1	cisbp__M1996	3.06	FALSE	0.0571853826711669
Dlx5	Egfr	1	cisbp__M1996	3.06	FALSE	0.104683559258875
Dlx5	Elmo1	1	cisbp__M1996	3.06	FALSE	0.341753825351215
Dlx5	Emid1	1	cisbp__M1996	3.06	FALSE	0.114741396032779
Dlx5	Enho	1	cisbp__M1996	3.06	FALSE	0.23179950084112
Dlx5	Epb4.1l4a	1	cisbp__M1996	3.06	FALSE	0.202741946473882
Dlx5	Epha5	1	cisbp__M1996	3.06	FALSE	0.0849517775584523
Dlx5	Erbb4	1	cisbp__M1996	3.06	FALSE	0.0774298120725656
Dlx5	Etl4	1	cisbp__M1996	3.06	FALSE	0.182494930818706
Dlx5	Eya1	1	cisbp__M1996	3.06	FALSE	0.0623850297521613
Dlx5	Faim2	1	cisbp__M1996	3.06	FALSE	0.120052561731985
Dlx5	Fam163a	1	cisbp__M1996	3.06	FALSE	0.0831175916576968
Dlx5	Fgf1	1	cisbp__M1996	3.06	FALSE	0.129742926477067
Dlx5	Fgf14	1	cisbp__M1996	3.06	FALSE	0.086240934983055
Dlx5	Fgf9	1	cisbp__M1996	3.06	FALSE	0.177363516686457
Dlx5	Fhl1	1	cisbp__M1996	3.06	FALSE	0.0799400962631948
Dlx5	Frem1	1	cisbp__M1996	3.06	FALSE	0.357214846406717
Dlx5	Fstl4	1	cisbp__M1996	3.06	FALSE	0.165977598334764
Dlx5	Fstl5	1	cisbp__M1996	3.06	FALSE	0.271224540374254
Dlx5	Fzd1	1	cisbp__M1996	3.06	FALSE	0.056073860926409
Dlx5	Gabbr2	1	cisbp__M1996	3.06	FALSE	0.0683633302267686
Dlx5	Gabrg1	1	cisbp__M1996	3.06	FALSE	0.0649529998428578
Dlx5	Gad2	1	cisbp__M1996	3.06	FALSE	0.180884639576798
Dlx5	Galnt14	1	cisbp__M1996	3.06	FALSE	0.22274429014338
Dlx5	Gas2l1	1	cisbp__M1996	3.06	FALSE	0.0989317075129716
Dlx5	Gdf10	1	cisbp__M1996	3.06	FALSE	0.133319704434325
Dlx5	Gpr158	1	cisbp__M1996	3.06	FALSE	0.179217771274535
Dlx5	Grb10	1	cisbp__M1996	3.06	FALSE	0.0776353748133958
Dlx5	Gria4	1	cisbp__M1996	3.06	FALSE	0.182260109018128
Dlx5	Grik1	1	cisbp__M1996	3.06	FALSE	0.155994868139393
Dlx5	Hapln1	1	cisbp__M1996	3.06	FALSE	0.111048533905792
Dlx5	Htr3b	1	cisbp__M1996	3.06	FALSE	0.273286115232164
Dlx5	Il1b	1	cisbp__M1996	3.06	FALSE	0.0980166549054659
Dlx5	Itga3	1	cisbp__M1996	3.06	FALSE	0.200375673832782
Dlx5	Jph3	1	cisbp__M1996	3.06	FALSE	0.0225543112902577
Dlx5	Kcnmb2	1	cisbp__M1996	3.06	FALSE	0.156076024515031
Dlx5	Kctd16	1	cisbp__M1996	3.06	FALSE	0.21703389834442
Dlx5	Kctd8	1	cisbp__M1996	3.06	FALSE	0.264964555791028
Dlx5	Klhdc8b	1	cisbp__M1996	3.06	FALSE	0.152115347235341
Dlx5	Klhl24	1	cisbp__M1996	3.06	FALSE	0.232801878468433
Dlx5	Krt73	1	cisbp__M1996	3.06	FALSE	0.446735696732358
Dlx5	Lancl3	1	cisbp__M1996	3.06	FALSE	0.313520320287108
Dlx5	Lrrc4c	1	cisbp__M1996	3.06	FALSE	0.0479269345033097
Dlx5	Lsamp	1	cisbp__M1996	3.06	FALSE	0.190422539893819
Dlx5	Map2k3	1	cisbp__M1996	3.06	FALSE	0.0688932709027139
Dlx5	Mapk14	1	cisbp__M1996	3.06	FALSE	0.0861422549106501
Dlx5	Mapre2	1	cisbp__M1996	3.06	FALSE	0.115755282211881
Dlx5	Mphosph9	1	cisbp__M1996	3.06	FALSE	0.0930086261992567
Dlx5	Mrap2	1	cisbp__M1996	3.06	FALSE	0.20990361516709
Dlx5	Mtss1	1	cisbp__M1996	3.06	FALSE	0.134921310227288
Dlx5	Mtus2	1	cisbp__M1996	3.06	FALSE	0.141143042364029
Dlx5	Mum1l1	1	cisbp__M1996	3.06	FALSE	0.0989515944066259
Dlx5	Mxra7	1	cisbp__M1996	3.06	FALSE	0.203446576005457
Dlx5	Nacc2	1	cisbp__M1996	3.06	FALSE	0.11715380708794
Dlx5	Nbr1	1	cisbp__M1996	3.06	FALSE	0.0638433142864429
Dlx5	Npas3	1	cisbp__M1996	3.06	FALSE	0.164944439426692
Dlx5	Npat	1	cisbp__M1996	3.06	FALSE	0.131935360740389
Dlx5	Nrtn	1	cisbp__M1996	3.06	FALSE	0.129931554401969
Dlx5	Nrxn3	1	cisbp__M1996	3.06	FALSE	0.157973616213601
Dlx5	Nt5dc2	1	cisbp__M1996	3.06	FALSE	0.158720219286637
Dlx5	Ntn1	1	cisbp__M1996	3.06	FALSE	0.0602670940225068
Dlx5	Osbpl3	1	cisbp__M1996	3.06	FALSE	0.108271971600606
Dlx5	P2ry1	1	cisbp__M1996	3.06	FALSE	0.229735879113724
Dlx5	Pak1	1	cisbp__M1996	3.06	FALSE	0.0572105724507308
Dlx5	Pde7a	1	cisbp__M1996	3.06	FALSE	0.157669761049444
Dlx5	Pdp1	1	cisbp__M1996	3.06	FALSE	0.079420963668842
Dlx5	Per2	1	cisbp__M1996	3.06	FALSE	0.0686437215698073
Dlx5	Pgpep1	1	cisbp__M1996	3.06	FALSE	0.209232483891514
Dlx5	Phyhipl	1	cisbp__M1996	3.06	FALSE	0.147457834304693
Dlx5	Plcl2	1	cisbp__M1996	3.06	FALSE	0.0390355866483645
Dlx5	Ppp2r1b	1	cisbp__M1996	3.06	FALSE	0.257498980367824
Dlx5	Ptprs	1	cisbp__M1996	3.06	FALSE	0.041417535293887
Dlx5	Pvrl2	1	cisbp__M1996	3.06	FALSE	0.156156228288262
Dlx5	Ralgps2	1	cisbp__M1996	3.06	FALSE	0.0468738435785919
Dlx5	Rcan1	1	cisbp__M1996	3.06	FALSE	0.0708269150512659
Dlx5	Reep5	1	cisbp__M1996	3.06	FALSE	0.0948313884551561
Dlx5	Rimkla	1	cisbp__M1996	3.06	FALSE	0.219248751070402
Dlx5	Rimklb	1	cisbp__M1996	3.06	FALSE	0.105803819562558
Dlx5	Rwdd3	1	cisbp__M1996	3.06	FALSE	0.0932853249754186
Dlx5	Samd4	1	cisbp__M1996	3.06	FALSE	0.18507943997693
Dlx5	Scml4	1	cisbp__M1996	3.06	FALSE	0.290723956708972
Dlx5	Scn9a	1	cisbp__M1996	3.06	FALSE	0.118599983578978
Dlx5	Sema6c	1	cisbp__M1996	3.06	FALSE	0.131597956192476
Dlx5	Sertad2	1	cisbp__M1996	3.06	FALSE	0.0661791141447134
Dlx5	Setd7	1	cisbp__M1996	3.06	FALSE	0.137818333184409
Dlx5	Sgk1	1	cisbp__M1996	3.06	FALSE	0.155709159964842
Dlx5	Sgms1	1	cisbp__M1996	3.06	FALSE	0.0865818273511604
Dlx5	Sh3pxd2b	1	cisbp__M1996	3.06	FALSE	0.131306779085402
Dlx5	Shd	1	cisbp__M1996	3.06	FALSE	0.216356380798684
Dlx5	Slc12a6	1	cisbp__M1996	3.06	FALSE	0.143471232949976
Dlx5	Slc1a2	1	cisbp__M1996	3.06	FALSE	0.029434993998971
Dlx5	Slc35f4	1	cisbp__M1996	3.06	FALSE	0.215672346928288
Dlx5	Slc36a1	1	cisbp__M1996	3.06	FALSE	0.0690010163074307
Dlx5	Slc6a1	1	cisbp__M1996	3.06	FALSE	0.145597666034467
Dlx5	Slc7a1	1	cisbp__M1996	3.06	FALSE	0.0989216600168979
Dlx5	Slitrk4	1	cisbp__M1996	3.06	FALSE	0.0567596821474848
Dlx5	Sln	1	cisbp__M1996	3.06	FALSE	0.376822655917813
Dlx5	Smarca2	1	cisbp__M1996	3.06	FALSE	0.0776069101606371
Dlx5	Sncaip	1	cisbp__M1996	3.06	FALSE	0.333545255193666
Dlx5	Snx18	1	cisbp__M1996	3.06	FALSE	0.148351108795031
Dlx5	Socs5	1	cisbp__M1996	3.06	FALSE	0.135353135297314
Dlx5	Spa17	1	cisbp__M1996	3.06	FALSE	0.0847663269518404
Dlx5	Spred1	1	cisbp__M1996	3.06	FALSE	0.103900512714241
Dlx5	Spry4	1	cisbp__M1996	3.06	FALSE	0.101575303390919
Dlx5	Src	1	cisbp__M1996	3.06	FALSE	0.0587088451326435
Dlx5	Srsf1	1	cisbp__M1996	3.06	FALSE	0.0919347335282073
Dlx5	St8sia4	1	cisbp__M1996	3.06	FALSE	0.0746735678764399
Dlx5	Stx17	1	cisbp__M1996	3.06	FALSE	0.132208716345476
Dlx5	Tac2	1	cisbp__M1996	3.06	FALSE	0.251336127730191
Dlx5	Tapt1	1	cisbp__M1996	3.06	FALSE	0.0902370015471455
Dlx5	Tef	1	cisbp__M1996	3.06	FALSE	0.178874358987514
Dlx5	Tex9	1	cisbp__M1996	3.06	FALSE	0.145816208615223
Dlx5	Thbs1	1	cisbp__M1996	3.06	FALSE	0.169061863302876
Dlx5	Tjp1	1	cisbp__M1996	3.06	FALSE	0.0809485707378073
Dlx5	Tle2	1	cisbp__M1996	3.06	FALSE	0.15092517030768
Dlx5	Tmem108	1	cisbp__M1996	3.06	FALSE	0.0827682398643616
Dlx5	Tmtc2	1	cisbp__M1996	3.06	FALSE	0.234868958116049
Dlx5	Tmub2	1	cisbp__M1996	3.06	FALSE	0.0786826962905513
Dlx5	Tnfaip8l3	1	cisbp__M1996	3.06	FALSE	0.0862605268205583
Dlx5	Trp53i11	1	cisbp__M1996	3.06	FALSE	0.403216178943197
Dlx5	Trpm3	1	cisbp__M1996	3.06	FALSE	0.239530534858409
Dlx5	Trpm7	1	cisbp__M1996	3.06	FALSE	0.107238725553229
Dlx5	Tshz3	1	cisbp__M1996	3.06	FALSE	0.15484432695866
Dlx5	Ubash3b	1	cisbp__M1996	3.06	FALSE	0.234129696132322
Dlx5	Unc5c	1	cisbp__M1996	3.06	FALSE	0.103764066093535
Dlx5	Utrn	1	cisbp__M1996	3.06	FALSE	0.0785335448023398
Dlx5	Vac14	1	cisbp__M1996	3.06	FALSE	0.14305913039258
Dlx5	Vav3	1	cisbp__M1996	3.06	FALSE	0.196691077757654
Dlx5	Vstm2l	1	cisbp__M1996	3.06	FALSE	0.07081253090551
Dlx5	Wif1	1	cisbp__M1996	3.06	FALSE	0.43280114830127
Dlx5	Wnt7a	1	cisbp__M1996	3.06	FALSE	0.112763575108575
Irf1	Gadd45b	2	hocomoco__STAT2_HUMAN.H11MO.0.A	4.06	FALSE	0.144526529457239
Irf1	Rai1	1	transfac_pro__M00699	4	FALSE	0.105247578257563
Irf1	Tlr7	1	transfac_pro__M00699	4	FALSE	0.0914435796127009
Irf1	Acsl5	5	tfdimers__MD00138	3.64	TRUE	0.145064292380182
Irf1	Ahdc1	9	tfdimers__MD00138	3.64	TRUE	0.0614170425936418
Irf1	Capsl	4	tfdimers__MD00138	3.64	TRUE	0.133652578325981
Irf1	Ccnd1	7	tfdimers__MD00138	3.64	TRUE	0.1098327922023
Irf1	Egfr	4	tfdimers__MD00138	3.64	TRUE	0.0921236359528795
Irf1	H2-K1	5	tfdimers__MD00138	3.64	TRUE	0.117694653734833
Irf1	Kcnj16	7	tfdimers__MD00138	3.64	TRUE	0.0481832149581239
Irf1	Lhfp	7	tfdimers__MD00138	3.64	TRUE	0.285908849186918
Irf1	Mdk	8	tfdimers__MD00138	3.64	TRUE	0.108278088986946
Irf1	Plekha6	8	tfdimers__MD00138	3.64	TRUE	0.0880547564664414
Irf1	Slc4a4	5	tfdimers__MD00138	3.64	TRUE	0.0265298421684487
Irf1	Slc7a7	7	tfdimers__MD00138	3.64	TRUE	0.43150995413955
Irf1	St3gal6	5	tfdimers__MD00138	3.64	TRUE	0.155528820482903
Irf1	Tnfaip3	3	tfdimers__MD00138	3.64	TRUE	0.083674672395368
Irf1	Trpm7	2	tfdimers__MD00138	3.64	TRUE	0.0669737159648109
Irf1	Txnip	6	tfdimers__MD00138	3.64	TRUE	0.466025215664874
Irf1	Usp2	2	tfdimers__MD00138	3.64	TRUE	0.075019663260347
Irf1	Zfp703	1	tfdimers__MD00138	3.64	TRUE	0.090902052293747
Irf1	4930523C07Rik	5	transfac_pro__M07045	3.29	TRUE	0.654192672676036
Irf1	Adrb1	3	transfac_pro__M07045	3.29	TRUE	0.0438839216221818
Irf1	Ahnak	1	transfac_pro__M07045	3.29	TRUE	0.403864053844059
Irf1	Akap1	5	transfac_pro__M07045	3.29	TRUE	0.0812658031279026
Irf1	Anxa2	3	transfac_pro__M07045	3.29	TRUE	0.269344942317757
Irf1	Arhgap31	1	transfac_pro__M07045	3.29	TRUE	0.229951117480138
Irf1	Arhgef10l	2	transfac_pro__M07045	3.29	TRUE	0.097903678093877
Irf1	Atg14	3	transfac_pro__M07045	3.29	TRUE	0.115661978679225
Irf1	B2m	4	transfac_pro__M07045	3.29	TRUE	0.294309722923961
Irf1	Bank1	3	transfac_pro__M07045	3.29	TRUE	0.132574297091434
Irf1	Bcl2a1b	4	transfac_pro__M07045	3.29	TRUE	0.383001027276256
Irf1	Cald1	3	transfac_pro__M07045	3.29	TRUE	0.115920672718584
Irf1	Ccl7	2	transfac_pro__M07045	3.29	TRUE	0.387553214570762
Irf1	Ccnd3	3	transfac_pro__M07045	3.29	TRUE	0.0660823167461835
Irf1	Cd163	3	transfac_pro__M07045	3.29	TRUE	0.457167524585324
Irf1	Cited2	6	transfac_pro__M07045	3.29	TRUE	0.0188102647501928
Irf1	Ctgf	1	transfac_pro__M07045	3.29	TRUE	0.160004231101303
Irf1	Ddr2	2	transfac_pro__M07045	3.29	TRUE	0.0555693101344901
Irf1	Ehd1	3	transfac_pro__M07045	3.29	TRUE	0.0917284767252753
Irf1	Fcer1g	2	transfac_pro__M07045	3.29	TRUE	0.479941189368518
Irf1	Fcgr1	4	transfac_pro__M07045	3.29	TRUE	0.432933448253048
Irf1	Fgf14	3	transfac_pro__M07045	3.29	TRUE	0.0743274434641784
Irf1	Fyb	5	transfac_pro__M07045	3.29	TRUE	0.539024514346391
Irf1	Gabrb1	6	transfac_pro__M07045	3.29	TRUE	0.0423795963348551
Irf1	Gadd45g	3	transfac_pro__M07045	3.29	TRUE	0.0732476040389657
Irf1	Gja1	6	transfac_pro__M07045	3.29	TRUE	0.0164892924493311
Irf1	Hfe	4	transfac_pro__M07045	3.29	TRUE	0.16889128153155
Irf1	Il6ra	2	transfac_pro__M07045	3.29	TRUE	0.349123979451039
Irf1	Irf1	7	transfac_pro__M07045	3.29	TRUE	NA
Irf1	Itgb5	2	transfac_pro__M07045	3.29	TRUE	0.149735380265384
Irf1	Kcne4	6	transfac_pro__M07045	3.29	TRUE	0.639467955588197
Irf1	Kcnj2	6	transfac_pro__M07045	3.29	TRUE	0.128492593499379
Irf1	Laptm5	1	transfac_pro__M07045	3.29	TRUE	0.466066588337897
Irf1	Map3k5	5	transfac_pro__M07045	3.29	TRUE	0.07279612075524
Irf1	Med13	6	transfac_pro__M07045	3.29	TRUE	0.106761748036873
Irf1	Midn	2	transfac_pro__M07045	3.29	TRUE	0.0831891069772431
Irf1	Mr1	3	transfac_pro__M07045	3.29	TRUE	0.0374659819921273
Irf1	Myh9	1	transfac_pro__M07045	3.29	TRUE	0.257027558324121
Irf1	Nin	4	transfac_pro__M07045	3.29	TRUE	0.0861285178641904
Irf1	Nptx1	2	transfac_pro__M07045	3.29	TRUE	0.0466550491912442
Irf1	Osbpl6	7	transfac_pro__M07045	3.29	TRUE	0.0506148340054244
Irf1	P2ry13	2	transfac_pro__M07045	3.29	TRUE	0.381840198207873
Irf1	Prkab1	3	transfac_pro__M07045	3.29	TRUE	0.0784488507458034
Irf1	Rgs5	2	transfac_pro__M07045	3.29	TRUE	0.211911593421027
Irf1	Rhobtb2	6	transfac_pro__M07045	3.29	TRUE	0.110461820049875
Irf1	Rnase4	3	transfac_pro__M07045	3.29	TRUE	0.35529724295911
Irf1	Sepp1	3	transfac_pro__M07045	3.29	TRUE	0.106440610692947
Irf1	Sertad2	6	transfac_pro__M07045	3.29	TRUE	0.169717411257866
Irf1	Slamf9	1	transfac_pro__M07045	3.29	TRUE	0.135489788052677
Irf1	Slco5a1	3	transfac_pro__M07045	3.29	TRUE	0.135834721609819
Irf1	Slitrk2	7	transfac_pro__M07045	3.29	TRUE	0.0743799057938447
Irf1	Soat1	2	transfac_pro__M07045	3.29	TRUE	0.133100365704771
Irf1	Srgn	5	transfac_pro__M07045	3.29	TRUE	0.280781322292488
Irf1	Stard8	5	transfac_pro__M07045	3.29	TRUE	0.425957595159623
Irf1	Stat6	5	transfac_pro__M07045	3.29	TRUE	0.247216324352397
Irf1	Tapbp	8	transfac_pro__M07045	3.29	TRUE	0.352538418129851
Irf1	Tbxas1	4	transfac_pro__M07045	3.29	TRUE	0.102380808442316
Irf1	Tgfa	2	transfac_pro__M07045	3.29	TRUE	0.0556192722547168
Irf1	Tgfb3	5	transfac_pro__M07045	3.29	TRUE	0.347516848682588
Irf1	Trib1	4	transfac_pro__M07045	3.29	TRUE	0.172301239068431
Irf1	Vgll4	4	transfac_pro__M07045	3.29	TRUE	0.066986908080845
Irf1	Vps37b	5	transfac_pro__M07045	3.29	TRUE	0.0874308226635374
Irf1	Arhgef19	1	dbcorrdb__IRF1__ENCSR000EGU_1__m1	3.08	TRUE	0.0813177309653279
Irf1	Ccl2	1	dbcorrdb__IRF1__ENCSR000EGU_1__m1	3.08	TRUE	0.348256904225263
Irf1	Ccl3	2	dbcorrdb__IRF1__ENCSR000EGU_1__m1	3.08	TRUE	0.355743279842212
Irf1	Cd48	1	dbcorrdb__IRF1__ENCSR000EGU_1__m1	3.08	TRUE	0.44077980794711
Irf1	Cmtm6	2	dbcorrdb__IRF1__ENCSR000EGU_1__m1	3.08	TRUE	0.136110905468647
Irf1	Ctnnd1	4	dbcorrdb__IRF1__ENCSR000EGU_1__m1	3.08	TRUE	0.110400616073409
Irf1	Ctss	1	dbcorrdb__IRF1__ENCSR000EGU_1__m1	3.08	TRUE	0.289241106338964
Irf1	E130114P18Rik	1	dbcorrdb__IRF1__ENCSR000EGU_1__m1	3.08	TRUE	0.0613210126805798
Irf1	Esam	1	dbcorrdb__IRF1__ENCSR000EGU_1__m1	3.08	TRUE	0.140930774091085
Irf1	Fstl4	1	dbcorrdb__IRF1__ENCSR000EGU_1__m1	3.08	TRUE	0.101942949829538
Irf1	Gpr34	1	dbcorrdb__IRF1__ENCSR000EGU_1__m1	3.08	TRUE	0.378386516697954
Irf1	Gramd3	2	dbcorrdb__IRF1__ENCSR000EGU_1__m1	3.08	TRUE	0.0579463393002927
Irf1	Ms4a7	1	dbcorrdb__IRF1__ENCSR000EGU_1__m1	3.08	TRUE	0.392334018060416
Irf1	Msr1	1	dbcorrdb__IRF1__ENCSR000EGU_1__m1	3.08	TRUE	0.235108837984182
Irf1	Parp12	3	dbcorrdb__IRF1__ENCSR000EGU_1__m1	3.08	TRUE	0.0732389351162984
Irf1	Peli2	1	dbcorrdb__IRF1__ENCSR000EGU_1__m1	3.08	TRUE	0.0823085400196181
Irf1	Plcl2	1	dbcorrdb__IRF1__ENCSR000EGU_1__m1	3.08	TRUE	0.0802854708022811
Irf1	Rab3il1	1	dbcorrdb__IRF1__ENCSR000EGU_1__m1	3.08	TRUE	0.516426825621456
Irf1	Sgk3	1	dbcorrdb__IRF1__ENCSR000EGU_1__m1	3.08	TRUE	0.0998518501501633
Irf1	St5	3	dbcorrdb__IRF1__ENCSR000EGU_1__m1	3.08	TRUE	0.074574897011163
Irf1	St8sia4	1	dbcorrdb__IRF1__ENCSR000EGU_1__m1	3.08	TRUE	0.0366523988579439
Irf1	Stk17b	1	dbcorrdb__IRF1__ENCSR000EGU_1__m1	3.08	TRUE	0.356075452521825
Irf1	Tmem100	1	dbcorrdb__IRF1__ENCSR000EGU_1__m1	3.08	TRUE	0.0452890519422013
Irf1	Tnfaip8	2	dbcorrdb__IRF1__ENCSR000EGU_1__m1	3.08	TRUE	0.125806253347107
Irf1	Zfp36l2	1	dbcorrdb__IRF1__ENCSR000EGU_1__m1	3.08	TRUE	0.0917113084077626
Irf1	Cacna1i	1	dbcorrdb__STAT1__ENCSR000FAU_1__m1	3.04	FALSE	0.117651222171115
Sox10	Apod	1	transfac_pro__M08838	4.94	FALSE	0.488101968402251
Sox10	Arhgap23	4	transfac_pro__M08838	4.94	FALSE	0.228905603841997
Sox10	Arhgap31	1	transfac_pro__M08838	4.94	FALSE	0.224711768223536
Sox10	Arhgef19	6	transfac_pro__M08838	4.94	FALSE	0.0950075336380765
Sox10	Bag3	2	transfac_pro__M08838	4.94	FALSE	0.0755977830957804
Sox10	Cd164	1	transfac_pro__M08838	4.94	FALSE	0.0903361479109062
Sox10	Col27a1	6	transfac_pro__M08838	4.94	FALSE	0.0913178162743052
Sox10	Erbb4	5	transfac_pro__M08838	4.94	FALSE	0.0655496822538075
Sox10	Lama2	2	transfac_pro__M08838	4.94	FALSE	0.156398311862455
Sox10	Ldlrad3	2	transfac_pro__M08838	4.94	FALSE	0.32764767944378
Sox10	Sepp1	5	transfac_pro__M08838	4.94	FALSE	0.188222045874616
Sox10	St3gal6	1	transfac_pro__M08838	4.94	FALSE	0.147086751519252
Sox10	Tgfa	2	transfac_pro__M08838	4.94	FALSE	0.307965100660073
Sox10	Aldh1a1	1	hocomoco__SOX9_HUMAN.H11MO.0.B	4.75	FALSE	0.311204323901465
Sox10	Cyp2j9	1	hocomoco__SOX9_HUMAN.H11MO.0.B	4.75	FALSE	0.187560566638996
Sox10	Myo1e	5	hocomoco__SOX9_HUMAN.H11MO.0.B	4.75	FALSE	0.296306574776235
Sox10	Phlpp1	4	hocomoco__SOX9_HUMAN.H11MO.0.B	4.75	FALSE	0.0709705050028242
Sox10	BC028528	4	homer__YCTTTGTTCC_Sox4	4.69	FALSE	0.119632675737789
Sox10	Plk3	4	homer__YCTTTGTTCC_Sox4	4.69	FALSE	0.27112532472028
Sox10	Prkd3	4	homer__YCTTTGTTCC_Sox4	4.69	FALSE	0.174192370641681
Sox10	Rcan2	1	taipale_cyt_meth__SOX8_ACAATNNNNNNATTGT_FL_meth	4.56	FALSE	0.0210686793677937
Sox10	Snx18	1	taipale_cyt_meth__SOX8_ACAATNNNNNNATTGT_FL_meth	4.56	FALSE	0.0644026339606931
Sox10	2310022B05Rik	7	hocomoco__SOX10_HUMAN.H11MO.0.B	4.16	TRUE	0.339434398511006
Sox10	4930422G04Rik	1	hocomoco__SOX10_HUMAN.H11MO.0.B	4.16	TRUE	0.121829290813982
Sox10	Abtb2	3	hocomoco__SOX10_HUMAN.H11MO.0.B	4.16	TRUE	0.119341369733164
Sox10	Adamts20	6	hocomoco__SOX10_HUMAN.H11MO.0.B	4.16	TRUE	0.10434614004533
Sox10	Adipor2	5	hocomoco__SOX10_HUMAN.H11MO.0.B	4.16	TRUE	0.158365980951074
Sox10	Amotl2	10	hocomoco__SOX10_HUMAN.H11MO.0.B	4.16	TRUE	0.290280198814543
Sox10	Apln	8	hocomoco__SOX10_HUMAN.H11MO.0.B	4.16	TRUE	0.290194543450444
Sox10	Arrdc3	10	hocomoco__SOX10_HUMAN.H11MO.0.B	4.16	TRUE	0.284164571082579
Sox10	Btf3	5	hocomoco__SOX10_HUMAN.H11MO.0.B	4.16	TRUE	0.126282810800682
Sox10	Caskin2	5	hocomoco__SOX10_HUMAN.H11MO.0.B	4.16	TRUE	0.303779793170127
Sox10	Cdc14a	1	hocomoco__SOX10_HUMAN.H11MO.0.B	4.16	TRUE	0.535685540835717
Sox10	Cdc42ep1	11	hocomoco__SOX10_HUMAN.H11MO.0.B	4.16	TRUE	0.409801502387838
Sox10	Cdkn1a	4	hocomoco__SOX10_HUMAN.H11MO.0.B	4.16	TRUE	0.118708699323096
Sox10	Cdr2	2	hocomoco__SOX10_HUMAN.H11MO.0.B	4.16	TRUE	0.277284348897546
Sox10	Col9a3	7	hocomoco__SOX10_HUMAN.H11MO.0.B	4.16	TRUE	0.0987585599014709
Sox10	Csrp1	3	hocomoco__SOX10_HUMAN.H11MO.0.B	4.16	TRUE	0.488864317302522
Sox10	Ddr1	11	hocomoco__SOX10_HUMAN.H11MO.0.B	4.16	TRUE	0.375315346889426
Sox10	Efnb3	1	hocomoco__SOX10_HUMAN.H11MO.0.B	4.16	TRUE	0.179028251612476
Sox10	Ehd1	3	hocomoco__SOX10_HUMAN.H11MO.0.B	4.16	TRUE	0.098230429230597
Sox10	Elmo1	7	hocomoco__SOX10_HUMAN.H11MO.0.B	4.16	TRUE	0.0256861266007497
Sox10	Epb4.1l4a	5	hocomoco__SOX10_HUMAN.H11MO.0.B	4.16	TRUE	0.103166421011805
Sox10	Fermt2	7	hocomoco__SOX10_HUMAN.H11MO.0.B	4.16	TRUE	0.20981936320179
Sox10	Fgfr2	11	hocomoco__SOX10_HUMAN.H11MO.0.B	4.16	TRUE	0.345979404412281
Sox10	Fgfrl1	4	hocomoco__SOX10_HUMAN.H11MO.0.B	4.16	TRUE	0.20007902109216
Sox10	Fhdc1	11	hocomoco__SOX10_HUMAN.H11MO.0.B	4.16	TRUE	0.213948255730267
Sox10	Fryl	7	hocomoco__SOX10_HUMAN.H11MO.0.B	4.16	TRUE	0.0936213391073254
Sox10	Gjc3	6	hocomoco__SOX10_HUMAN.H11MO.0.B	4.16	TRUE	0.44263775907876
Sox10	Gpr98	11	hocomoco__SOX10_HUMAN.H11MO.0.B	4.16	TRUE	0.357547577941538
Sox10	Jup	8	hocomoco__SOX10_HUMAN.H11MO.0.B	4.16	TRUE	0.286433720043055
Sox10	Kcnj2	8	hocomoco__SOX10_HUMAN.H11MO.0.B	4.16	TRUE	0.108212913602775
Sox10	Lama4	7	hocomoco__SOX10_HUMAN.H11MO.0.B	4.16	TRUE	0.1461184787168
Sox10	Lect1	3	hocomoco__SOX10_HUMAN.H11MO.0.B	4.16	TRUE	0.227249192676789
Sox10	Leprot	6	hocomoco__SOX10_HUMAN.H11MO.0.B	4.16	TRUE	0.161584451894016
Sox10	Lhfpl2	4	hocomoco__SOX10_HUMAN.H11MO.0.B	4.16	TRUE	0.246348404529441
Sox10	Limd1	6	hocomoco__SOX10_HUMAN.H11MO.0.B	4.16	TRUE	0.186250144142715
Sox10	Mid1ip1	3	hocomoco__SOX10_HUMAN.H11MO.0.B	4.16	TRUE	0.283284544190391
Sox10	Myh11	7	hocomoco__SOX10_HUMAN.H11MO.0.B	4.16	TRUE	0.182262309658407
Sox10	Myo6	3	hocomoco__SOX10_HUMAN.H11MO.0.B	4.16	TRUE	0.070867023665393
Sox10	Nab1	9	hocomoco__SOX10_HUMAN.H11MO.0.B	4.16	TRUE	0.0982875367260861
Sox10	Ndp	10	hocomoco__SOX10_HUMAN.H11MO.0.B	4.16	TRUE	0.136853387073019
Sox10	Neo1	10	hocomoco__SOX10_HUMAN.H11MO.0.B	4.16	TRUE	0.130767550350374
Sox10	Pacsin2	11	hocomoco__SOX10_HUMAN.H11MO.0.B	4.16	TRUE	0.0678471023352692
Sox10	Padi2	9	hocomoco__SOX10_HUMAN.H11MO.0.B	4.16	TRUE	0.418944824762688
Sox10	Plekhb1	7	hocomoco__SOX10_HUMAN.H11MO.0.B	4.16	TRUE	0.586132356969197
Sox10	Plxnb1	11	hocomoco__SOX10_HUMAN.H11MO.0.B	4.16	TRUE	0.0600285592766376
Sox10	Ptp4a1	11	hocomoco__SOX10_HUMAN.H11MO.0.B	4.16	TRUE	0.159988039147757
Sox10	Ptprd	7	hocomoco__SOX10_HUMAN.H11MO.0.B	4.16	TRUE	0.207200795801336
Sox10	Rab33b	5	hocomoco__SOX10_HUMAN.H11MO.0.B	4.16	TRUE	0.213959196711355
Sox10	Rap1a	9	hocomoco__SOX10_HUMAN.H11MO.0.B	4.16	TRUE	0.317247215576305
Sox10	Rapgef3	2	hocomoco__SOX10_HUMAN.H11MO.0.B	4.16	TRUE	0.0967528233427714
Sox10	Rasl12	3	hocomoco__SOX10_HUMAN.H11MO.0.B	4.16	TRUE	0.24951701559602
Sox10	Rassf4	8	hocomoco__SOX10_HUMAN.H11MO.0.B	4.16	TRUE	0.32659577887635
Sox10	Rgs16	7	hocomoco__SOX10_HUMAN.H11MO.0.B	4.16	TRUE	0.0660497376628011
Sox10	Rin2	6	hocomoco__SOX10_HUMAN.H11MO.0.B	4.16	TRUE	0.100988615736817
Sox10	Rlbp1	11	hocomoco__SOX10_HUMAN.H11MO.0.B	4.16	TRUE	0.205976619799813
Sox10	S100b	7	hocomoco__SOX10_HUMAN.H11MO.0.B	4.16	TRUE	0.294729389171429
Sox10	Scrg1	8	hocomoco__SOX10_HUMAN.H11MO.0.B	4.16	TRUE	0.122629640351342
Sox10	Sema3d	10	hocomoco__SOX10_HUMAN.H11MO.0.B	4.16	TRUE	0.577516063814092
Sox10	Sema6d	7	hocomoco__SOX10_HUMAN.H11MO.0.B	4.16	TRUE	0.17468546040988
Sox10	Sgk1	8	hocomoco__SOX10_HUMAN.H11MO.0.B	4.16	TRUE	0.089594497799338
Sox10	Sgk3	11	hocomoco__SOX10_HUMAN.H11MO.0.B	4.16	TRUE	0.256739457248712
Sox10	Slc22a5	2	hocomoco__SOX10_HUMAN.H11MO.0.B	4.16	TRUE	0.116326926513402
Sox10	Slc45a3	11	hocomoco__SOX10_HUMAN.H11MO.0.B	4.16	TRUE	0.376121467349244
Sox10	Slc6a9	3	hocomoco__SOX10_HUMAN.H11MO.0.B	4.16	TRUE	0.307145746528263
Sox10	Socs3	11	hocomoco__SOX10_HUMAN.H11MO.0.B	4.16	TRUE	0.133568411640332
Sox10	Sox8	11	hocomoco__SOX10_HUMAN.H11MO.0.B	4.16	TRUE	0.559427125239534
Sox10	St18	11	hocomoco__SOX10_HUMAN.H11MO.0.B	4.16	TRUE	0.274635497009886
Sox10	Stag2	4	hocomoco__SOX10_HUMAN.H11MO.0.B	4.16	TRUE	0.0961282727046274
Sox10	Stard13	8	hocomoco__SOX10_HUMAN.H11MO.0.B	4.16	TRUE	0.221190201975768
Sox10	Stox2	5	hocomoco__SOX10_HUMAN.H11MO.0.B	4.16	TRUE	0.132238786072803
Sox10	Tulp4	6	hocomoco__SOX10_HUMAN.H11MO.0.B	4.16	TRUE	0.322581529993865
Sox10	Ubl3	3	hocomoco__SOX10_HUMAN.H11MO.0.B	4.16	TRUE	0.109348727717291
Sox10	Adcy5	5	taipale_cyt_meth__SOX10_AACAATNNNNNNATTGTT_FL_meth	3.56	TRUE	0.159201077308923
Sox10	Cadm4	10	taipale_cyt_meth__SOX10_AACAATNNNNNNATTGTT_FL_meth	3.56	TRUE	0.211994650756656
Sox10	Cyr61	7	taipale_cyt_meth__SOX10_AACAATNNNNNNATTGTT_FL_meth	3.56	TRUE	0.148804107456786
Sox10	Daam2	7	taipale_cyt_meth__SOX10_AACAATNNNNNNATTGTT_FL_meth	3.56	TRUE	0.150651633902511
Sox10	Fancf	5	taipale_cyt_meth__SOX10_AACAATNNNNNNATTGTT_FL_meth	3.56	TRUE	0.317184327642021
Sox10	Lrp4	5	taipale_cyt_meth__SOX10_AACAATNNNNNNATTGTT_FL_meth	3.56	TRUE	0.169352610626817
Sox10	Nos3	3	taipale_cyt_meth__SOX10_AACAATNNNNNNATTGTT_FL_meth	3.56	TRUE	0.177491349118937
Sox10	Npat	4	taipale_cyt_meth__SOX10_AACAATNNNNNNATTGTT_FL_meth	3.56	TRUE	0.158561813655713
Sox10	P2ry1	8	taipale_cyt_meth__SOX10_AACAATNNNNNNATTGTT_FL_meth	3.56	TRUE	0.0774994141062903
Sox10	P2ry12	4	taipale_cyt_meth__SOX10_AACAATNNNNNNATTGTT_FL_meth	3.56	TRUE	0.291476881139137
Sox10	Ralgds	10	taipale_cyt_meth__SOX10_AACAATNNNNNNATTGTT_FL_meth	3.56	TRUE	0.253977272600162
Sox10	Rhoc	4	taipale_cyt_meth__SOX10_AACAATNNNNNNATTGTT_FL_meth	3.56	TRUE	0.279924888643608
Sox10	Sox10	6	taipale_cyt_meth__SOX10_AACAATNNNNNNATTGTT_FL_meth	3.56	TRUE	NA
Sox10	Stx17	6	taipale_cyt_meth__SOX10_AACAATNNNNNNATTGTT_FL_meth	3.56	TRUE	0.223221939266282
Sox10	Tmem38b	3	taipale_cyt_meth__SOX10_AACAATNNNNNNATTGTT_FL_meth	3.56	TRUE	0.138529156370734
Sox10	Zfp593	4	taipale_cyt_meth__SOX10_AACAATNNNNNNATTGTT_FL_meth	3.56	TRUE	0.119460320535106
Sox10	Dusp10	2	jaspar__MA0515.1	3.33	FALSE	0.0999047605411158
Sox10	Endod1	3	jaspar__MA0515.1	3.33	FALSE	0.142459719209731
Sox10	Gpx8	2	jaspar__MA0515.1	3.33	FALSE	0.0901815403057651
Sox10	Krcc1	3	jaspar__MA0515.1	3.33	FALSE	0.252410783748129
Sox8	4930523C07Rik	1	hocomoco__SOX9_HUMAN.H11MO.0.B	4.31	FALSE	0.0602215985074222
Sox8	Abtb2	1	hocomoco__SOX9_HUMAN.H11MO.0.B	4.31	FALSE	0.168805103772248
Sox8	Adipor2	1	hocomoco__SOX9_HUMAN.H11MO.0.B	4.31	FALSE	0.289614211750385
Sox8	Ahnak	1	hocomoco__SOX9_HUMAN.H11MO.0.B	4.31	FALSE	0.0658890591331928
Sox8	Arhgap23	1	hocomoco__SOX9_HUMAN.H11MO.0.B	4.31	FALSE	0.33072394097493
Sox8	Bag3	1	hocomoco__SOX9_HUMAN.H11MO.0.B	4.31	FALSE	0.107636211971224
Sox8	Bmper	1	hocomoco__SOX9_HUMAN.H11MO.0.B	4.31	FALSE	0.0161415521955098
Sox8	Cald1	1	hocomoco__SOX9_HUMAN.H11MO.0.B	4.31	FALSE	0.102547731175052
Sox8	Caskin2	1	hocomoco__SOX9_HUMAN.H11MO.0.B	4.31	FALSE	0.197463313279649
Sox8	Cd24a	1	hocomoco__SOX9_HUMAN.H11MO.0.B	4.31	FALSE	0.110614920841174
Sox8	Chrdl1	1	hocomoco__SOX9_HUMAN.H11MO.0.B	4.31	FALSE	0.159061916629318
Sox8	Col27a1	1	hocomoco__SOX9_HUMAN.H11MO.0.B	4.31	FALSE	0.176137019421264
Sox8	Csrp1	1	hocomoco__SOX9_HUMAN.H11MO.0.B	4.31	FALSE	0.0955032421444712
Sox8	Dennd4a	1	hocomoco__SOX9_HUMAN.H11MO.0.B	4.31	FALSE	0.102173652119136
Sox8	Dusp10	1	hocomoco__SOX9_HUMAN.H11MO.0.B	4.31	FALSE	0.266945552898261
Sox8	Efnb3	1	hocomoco__SOX9_HUMAN.H11MO.0.B	4.31	FALSE	0.151743786920967
Sox8	Fgfrl1	1	hocomoco__SOX9_HUMAN.H11MO.0.B	4.31	FALSE	0.205844923504322
Sox8	Kcne4	1	hocomoco__SOX9_HUMAN.H11MO.0.B	4.31	FALSE	0.109091872544127
Sox8	Lpar4	1	hocomoco__SOX9_HUMAN.H11MO.0.B	4.31	FALSE	0.0942308485324039
Sox8	Med13	1	hocomoco__SOX9_HUMAN.H11MO.0.B	4.31	FALSE	0.0732837664441851
Sox8	Mid1ip1	1	hocomoco__SOX9_HUMAN.H11MO.0.B	4.31	FALSE	0.115181961155262
Sox8	Myo6	1	hocomoco__SOX9_HUMAN.H11MO.0.B	4.31	FALSE	0.334873659000723
Sox8	Oat	1	hocomoco__SOX9_HUMAN.H11MO.0.B	4.31	FALSE	0.169401814048339
Sox8	Pde7a	1	hocomoco__SOX9_HUMAN.H11MO.0.B	4.31	FALSE	0.195296508892613
Sox8	Phlpp1	1	hocomoco__SOX9_HUMAN.H11MO.0.B	4.31	FALSE	0.325080369887233
Sox8	Phyhipl	1	hocomoco__SOX9_HUMAN.H11MO.0.B	4.31	FALSE	0.0442515087661034
Sox8	Pvrl1	1	hocomoco__SOX9_HUMAN.H11MO.0.B	4.31	FALSE	0.0746729970885478
Sox8	Rasl12	1	hocomoco__SOX9_HUMAN.H11MO.0.B	4.31	FALSE	0.246965768310365
Sox8	Sema6d	1	hocomoco__SOX9_HUMAN.H11MO.0.B	4.31	FALSE	0.166209707717525
Sox8	Sh3pxd2b	1	hocomoco__SOX9_HUMAN.H11MO.0.B	4.31	FALSE	0.0801846313496381
Sox8	Shisa9	1	hocomoco__SOX9_HUMAN.H11MO.0.B	4.31	FALSE	0.0208175924020297
Sox8	Slc22a5	1	hocomoco__SOX9_HUMAN.H11MO.0.B	4.31	FALSE	0.115744301637558
Sox8	Slc6a9	1	hocomoco__SOX9_HUMAN.H11MO.0.B	4.31	FALSE	0.251807607252303
Sox8	Spa17	1	hocomoco__SOX9_HUMAN.H11MO.0.B	4.31	FALSE	0.1672022775254
Sox8	Spns2	1	hocomoco__SOX9_HUMAN.H11MO.0.B	4.31	FALSE	0.0877412631951073
Sox8	Tgfa	1	hocomoco__SOX9_HUMAN.H11MO.0.B	4.31	FALSE	0.278891398060997
Sox8	Ttc30b	1	hocomoco__SOX9_HUMAN.H11MO.0.B	4.31	FALSE	0.122942686646597
Sox8	Ubl7	1	hocomoco__SOX9_HUMAN.H11MO.0.B	4.31	FALSE	0.220754444788643
Sox8	Vgll4	1	hocomoco__SOX9_HUMAN.H11MO.0.B	4.31	FALSE	0.250321896483266
Sox8	2310022B05Rik	3	taipale_cyt_meth__SOX8_ACAATNNNNNNATTGT_FL	3.47	TRUE	0.0773253249295246
Sox8	Adamts20	3	taipale_cyt_meth__SOX8_ACAATNNNNNNATTGT_FL	3.47	TRUE	0.143393202414906
Sox8	Akap1	3	taipale_cyt_meth__SOX8_ACAATNNNNNNATTGT_FL	3.47	TRUE	0.0696656206325443
Sox8	Amotl2	3	taipale_cyt_meth__SOX8_ACAATNNNNNNATTGT_FL	3.47	TRUE	0.118281750625736
Sox8	Arrdc3	3	taipale_cyt_meth__SOX8_ACAATNNNNNNATTGT_FL	3.47	TRUE	0.384759993996277
Sox8	Atg14	3	taipale_cyt_meth__SOX8_ACAATNNNNNNATTGT_FL	3.47	TRUE	0.122787332090229
Sox8	Btf3	3	taipale_cyt_meth__SOX8_ACAATNNNNNNATTGT_FL	3.47	TRUE	0.179269502461198
Sox8	Cdc42ep1	3	taipale_cyt_meth__SOX8_ACAATNNNNNNATTGT_FL	3.47	TRUE	0.230117408855762
Sox8	Cnn3	3	taipale_cyt_meth__SOX8_ACAATNNNNNNATTGT_FL	3.47	TRUE	0.178039390506695
Sox8	Col9a3	3	taipale_cyt_meth__SOX8_ACAATNNNNNNATTGT_FL	3.47	TRUE	0.394179729522987
Sox8	Ctgf	3	taipale_cyt_meth__SOX8_ACAATNNNNNNATTGT_FL	3.47	TRUE	0.152662042602073
Sox8	Ctnnbip1	3	taipale_cyt_meth__SOX8_ACAATNNNNNNATTGT_FL	3.47	TRUE	0.106399548142132
Sox8	Daam2	3	taipale_cyt_meth__SOX8_ACAATNNNNNNATTGT_FL	3.47	TRUE	0.196777162331586
Sox8	Ddr1	3	taipale_cyt_meth__SOX8_ACAATNNNNNNATTGT_FL	3.47	TRUE	0.330077289440109
Sox8	Epb4.1l4a	2	taipale_cyt_meth__SOX8_ACAATNNNNNNATTGT_FL	3.47	TRUE	0.0782973493755026
Sox8	Erbb4	2	taipale_cyt_meth__SOX8_ACAATNNNNNNATTGT_FL	3.47	TRUE	0.0662785400272284
Sox8	Eya1	3	taipale_cyt_meth__SOX8_ACAATNNNNNNATTGT_FL	3.47	TRUE	0.0985242035328756
Sox8	Fbxl3	3	taipale_cyt_meth__SOX8_ACAATNNNNNNATTGT_FL	3.47	TRUE	0.121598896804724
Sox8	Fermt2	3	taipale_cyt_meth__SOX8_ACAATNNNNNNATTGT_FL	3.47	TRUE	0.175630133781926
Sox8	Fgf1	3	taipale_cyt_meth__SOX8_ACAATNNNNNNATTGT_FL	3.47	TRUE	0.159438851435444
Sox8	Fgfr2	3	taipale_cyt_meth__SOX8_ACAATNNNNNNATTGT_FL	3.47	TRUE	0.275652435093975
Sox8	Fhdc1	3	taipale_cyt_meth__SOX8_ACAATNNNNNNATTGT_FL	3.47	TRUE	0.619641551886709
Sox8	Fktn	3	taipale_cyt_meth__SOX8_ACAATNNNNNNATTGT_FL	3.47	TRUE	0.0501317537999255
Sox8	Frmd4a	2	taipale_cyt_meth__SOX8_ACAATNNNNNNATTGT_FL	3.47	TRUE	0.0934818285548352
Sox8	Fryl	3	taipale_cyt_meth__SOX8_ACAATNNNNNNATTGT_FL	3.47	TRUE	0.0949135325673442
Sox8	Gadd45g	3	taipale_cyt_meth__SOX8_ACAATNNNNNNATTGT_FL	3.47	TRUE	0.163462465760492
Sox8	Gjc3	2	taipale_cyt_meth__SOX8_ACAATNNNNNNATTGT_FL	3.47	TRUE	0.20149202655029
Sox8	Hbegf	3	taipale_cyt_meth__SOX8_ACAATNNNNNNATTGT_FL	3.47	TRUE	0.070320155384206
Sox8	Kcnj2	3	taipale_cyt_meth__SOX8_ACAATNNNNNNATTGT_FL	3.47	TRUE	0.325315912689893
Sox8	Leprot	3	taipale_cyt_meth__SOX8_ACAATNNNNNNATTGT_FL	3.47	TRUE	0.310182831705138
Sox8	Maml2	3	taipale_cyt_meth__SOX8_ACAATNNNNNNATTGT_FL	3.47	TRUE	0.138142998775941
Sox8	Mtss1	2	taipale_cyt_meth__SOX8_ACAATNNNNNNATTGT_FL	3.47	TRUE	0.0680122058099594
Sox8	Myh11	3	taipale_cyt_meth__SOX8_ACAATNNNNNNATTGT_FL	3.47	TRUE	0.146535344628921
Sox8	Nab1	3	taipale_cyt_meth__SOX8_ACAATNNNNNNATTGT_FL	3.47	TRUE	0.146585119683215
Sox8	Ndp	3	taipale_cyt_meth__SOX8_ACAATNNNNNNATTGT_FL	3.47	TRUE	0.0972806772727952
Sox8	Nedd9	3	taipale_cyt_meth__SOX8_ACAATNNNNNNATTGT_FL	3.47	TRUE	0.115802934758774
Sox8	Neo1	3	taipale_cyt_meth__SOX8_ACAATNNNNNNATTGT_FL	3.47	TRUE	0.175503012617848
Sox8	Notch2	3	taipale_cyt_meth__SOX8_ACAATNNNNNNATTGT_FL	3.47	TRUE	0.102288848483862
Sox8	P2ry12	2	taipale_cyt_meth__SOX8_ACAATNNNNNNATTGT_FL	3.47	TRUE	0.145427674785756
Sox8	Pacsin2	3	taipale_cyt_meth__SOX8_ACAATNNNNNNATTGT_FL	3.47	TRUE	0.141474916780462
Sox8	Padi2	3	taipale_cyt_meth__SOX8_ACAATNNNNNNATTGT_FL	3.47	TRUE	0.0990853289595339
Sox8	Pag1	3	taipale_cyt_meth__SOX8_ACAATNNNNNNATTGT_FL	3.47	TRUE	0.107284733901609
Sox8	Paqr4	3	taipale_cyt_meth__SOX8_ACAATNNNNNNATTGT_FL	3.47	TRUE	0.100474460403225
Sox8	Pdgfrb	3	taipale_cyt_meth__SOX8_ACAATNNNNNNATTGT_FL	3.47	TRUE	0.0669242890483155
Sox8	Pik3r1	3	taipale_cyt_meth__SOX8_ACAATNNNNNNATTGT_FL	3.47	TRUE	0.0584860200312085
Sox8	Plekhb1	3	taipale_cyt_meth__SOX8_ACAATNNNNNNATTGT_FL	3.47	TRUE	0.132784096845253
Sox8	Plxnb1	3	taipale_cyt_meth__SOX8_ACAATNNNNNNATTGT_FL	3.47	TRUE	0.101985875831125
Sox8	Ppp2r1b	3	taipale_cyt_meth__SOX8_ACAATNNNNNNATTGT_FL	3.47	TRUE	0.0924835199357319
Sox8	Prkcz	2	taipale_cyt_meth__SOX8_ACAATNNNNNNATTGT_FL	3.47	TRUE	0.131266306647712
Sox8	Ptprb	3	taipale_cyt_meth__SOX8_ACAATNNNNNNATTGT_FL	3.47	TRUE	0.0610272838831992
Sox8	Ptprd	3	taipale_cyt_meth__SOX8_ACAATNNNNNNATTGT_FL	3.47	TRUE	0.165083183117989
Sox8	Rab33b	2	taipale_cyt_meth__SOX8_ACAATNNNNNNATTGT_FL	3.47	TRUE	0.174746717005068
Sox8	Rai1	3	taipale_cyt_meth__SOX8_ACAATNNNNNNATTGT_FL	3.47	TRUE	0.0429072663907685
Sox8	Ralgds	3	taipale_cyt_meth__SOX8_ACAATNNNNNNATTGT_FL	3.47	TRUE	0.149889717842295
Sox8	Rap1a	3	taipale_cyt_meth__SOX8_ACAATNNNNNNATTGT_FL	3.47	TRUE	0.180225242895188
Sox8	Rassf4	3	taipale_cyt_meth__SOX8_ACAATNNNNNNATTGT_FL	3.47	TRUE	0.135439535198308
Sox8	Rcbtb2	3	taipale_cyt_meth__SOX8_ACAATNNNNNNATTGT_FL	3.47	TRUE	0.160391610107872
Sox8	Rhoc	2	taipale_cyt_meth__SOX8_ACAATNNNNNNATTGT_FL	3.47	TRUE	0.249341296607427
Sox8	Rin2	3	taipale_cyt_meth__SOX8_ACAATNNNNNNATTGT_FL	3.47	TRUE	0.109196857617109
Sox8	S100b	3	taipale_cyt_meth__SOX8_ACAATNNNNNNATTGT_FL	3.47	TRUE	0.187388164651265
Sox8	Samd4	3	taipale_cyt_meth__SOX8_ACAATNNNNNNATTGT_FL	3.47	TRUE	0.056325247011513
Sox8	Scml4	3	taipale_cyt_meth__SOX8_ACAATNNNNNNATTGT_FL	3.47	TRUE	0.0593959203541339
Sox8	Scn9a	2	taipale_cyt_meth__SOX8_ACAATNNNNNNATTGT_FL	3.47	TRUE	0.06639391660736
Sox8	Sgk3	3	taipale_cyt_meth__SOX8_ACAATNNNNNNATTGT_FL	3.47	TRUE	0.148971563692214
Sox8	Slc45a3	3	taipale_cyt_meth__SOX8_ACAATNNNNNNATTGT_FL	3.47	TRUE	0.40030174880824
Sox8	Sox10	2	taipale_cyt_meth__SOX8_ACAATNNNNNNATTGT_FL	3.47	TRUE	0.373141996381053
Sox8	Sox8	3	taipale_cyt_meth__SOX8_ACAATNNNNNNATTGT_FL	3.47	TRUE	NA
Sox8	Spata2	2	taipale_cyt_meth__SOX8_ACAATNNNNNNATTGT_FL	3.47	TRUE	0.218892784004594
Sox8	Spry4	2	taipale_cyt_meth__SOX8_ACAATNNNNNNATTGT_FL	3.47	TRUE	0.148834301724166
Sox8	St18	3	taipale_cyt_meth__SOX8_ACAATNNNNNNATTGT_FL	3.47	TRUE	0.346745211343874
Sox8	St5	3	taipale_cyt_meth__SOX8_ACAATNNNNNNATTGT_FL	3.47	TRUE	0.158361829925674
Sox8	Synpo	2	taipale_cyt_meth__SOX8_ACAATNNNNNNATTGT_FL	3.47	TRUE	0.0361893386262074
Sox8	Tmem100	3	taipale_cyt_meth__SOX8_ACAATNNNNNNATTGT_FL	3.47	TRUE	0.0237518508118996
Sox8	Tshz1	3	taipale_cyt_meth__SOX8_ACAATNNNNNNATTGT_FL	3.47	TRUE	0.170506474881113
Sox8	Tulp4	2	taipale_cyt_meth__SOX8_ACAATNNNNNNATTGT_FL	3.47	TRUE	0.0927374472285778
Sox8	Vps37b	3	taipale_cyt_meth__SOX8_ACAATNNNNNNATTGT_FL	3.47	TRUE	0.0902147879930854
Sox8	Ankrd27	2	taipale_cyt_meth__SOX8_ACAATNNNNNNATTGT_FL_meth	3.14	TRUE	0.0981472713495177
Sox8	Antxr1	2	taipale_cyt_meth__SOX8_ACAATNNNNNNATTGT_FL_meth	3.14	TRUE	0.404271194632843
Sox8	Apln	2	taipale_cyt_meth__SOX8_ACAATNNNNNNATTGT_FL_meth	3.14	TRUE	0.112180940134345
Sox8	C1qtnf1	2	taipale_cyt_meth__SOX8_ACAATNNNNNNATTGT_FL_meth	3.14	TRUE	0.0167398815680661
Sox8	Crispld1	2	taipale_cyt_meth__SOX8_ACAATNNNNNNATTGT_FL_meth	3.14	TRUE	0.0914459324223011
Sox8	Dhrs4	2	taipale_cyt_meth__SOX8_ACAATNNNNNNATTGT_FL_meth	3.14	TRUE	0.142290546237834
Sox8	Enkur	1	taipale_cyt_meth__SOX8_ACAATNNNNNNATTGT_FL_meth	3.14	TRUE	0.0896414040735104
Sox8	Il33	2	taipale_cyt_meth__SOX8_ACAATNNNNNNATTGT_FL_meth	3.14	TRUE	0.315471146637722
Sox8	Jup	2	taipale_cyt_meth__SOX8_ACAATNNNNNNATTGT_FL_meth	3.14	TRUE	0.236088598710692
Sox8	Ldlrad3	1	taipale_cyt_meth__SOX8_ACAATNNNNNNATTGT_FL_meth	3.14	TRUE	0.437337262406996
Sox8	Lhfpl2	2	taipale_cyt_meth__SOX8_ACAATNNNNNNATTGT_FL_meth	3.14	TRUE	0.221652778500314
Sox8	Limd1	2	taipale_cyt_meth__SOX8_ACAATNNNNNNATTGT_FL_meth	3.14	TRUE	0.292786952781035
Sox8	Nacc2	2	taipale_cyt_meth__SOX8_ACAATNNNNNNATTGT_FL_meth	3.14	TRUE	0.0703051331634031
Sox8	Npat	2	taipale_cyt_meth__SOX8_ACAATNNNNNNATTGT_FL_meth	3.14	TRUE	0.278390577353482
Sox8	Rab9	2	taipale_cyt_meth__SOX8_ACAATNNNNNNATTGT_FL_meth	3.14	TRUE	0.234640490511751
Sox8	Rasa3	1	taipale_cyt_meth__SOX8_ACAATNNNNNNATTGT_FL_meth	3.14	TRUE	0.144882332512202
Sox8	Stag2	2	taipale_cyt_meth__SOX8_ACAATNNNNNNATTGT_FL_meth	3.14	TRUE	0.126727172729424
Sox8	Stat6	2	taipale_cyt_meth__SOX8_ACAATNNNNNNATTGT_FL_meth	3.14	TRUE	0.117806118517756
Sox8	Syt6	1	taipale_cyt_meth__SOX8_ACAATNNNNNNATTGT_FL_meth	3.14	TRUE	0.0501607439252321
Sox8	Tmem38b	1	taipale_cyt_meth__SOX8_ACAATNNNNNNATTGT_FL_meth	3.14	TRUE	0.228879451548693
Sox8	Ubl3	1	taipale_cyt_meth__SOX8_ACAATNNNNNNATTGT_FL_meth	3.14	TRUE	0.0926759788275096
Sox9	2310022B05Rik	2	hocomoco__SOX9_HUMAN.H11MO.0.B	5.27	TRUE	0.287676248096137
Sox9	Acsbg1	2	hocomoco__SOX9_HUMAN.H11MO.0.B	5.27	TRUE	0.725955382733051
Sox9	Adcyap1r1	2	hocomoco__SOX9_HUMAN.H11MO.0.B	5.27	TRUE	0.129864596829688
Sox9	Add3	2	hocomoco__SOX9_HUMAN.H11MO.0.B	5.27	TRUE	0.23405264857619
Sox9	Adhfe1	2	hocomoco__SOX9_HUMAN.H11MO.0.B	5.27	TRUE	0.698308122314558
Sox9	Agt	2	hocomoco__SOX9_HUMAN.H11MO.0.B	5.27	TRUE	0.667431880173411
Sox9	Akr1b10	2	hocomoco__SOX9_HUMAN.H11MO.0.B	5.27	TRUE	0.223842468527164
Sox9	Akt2	2	hocomoco__SOX9_HUMAN.H11MO.0.B	5.27	TRUE	0.539255530416203
Sox9	Aldh1a1	2	hocomoco__SOX9_HUMAN.H11MO.0.B	5.27	TRUE	0.131474623005189
Sox9	Antxr1	2	hocomoco__SOX9_HUMAN.H11MO.0.B	5.27	TRUE	0.319629253552858
Sox9	Apln	2	hocomoco__SOX9_HUMAN.H11MO.0.B	5.27	TRUE	0.422496545731791
Sox9	Arhgap18	2	hocomoco__SOX9_HUMAN.H11MO.0.B	5.27	TRUE	0.233304612847185
Sox9	Arhgef10l	2	hocomoco__SOX9_HUMAN.H11MO.0.B	5.27	TRUE	0.145280009282675
Sox9	Arhgef19	2	hocomoco__SOX9_HUMAN.H11MO.0.B	5.27	TRUE	0.625865217366189
Sox9	Bcan	2	hocomoco__SOX9_HUMAN.H11MO.0.B	5.27	TRUE	0.707333328440755
Sox9	Bmper	2	hocomoco__SOX9_HUMAN.H11MO.0.B	5.27	TRUE	0.0518847900932274
Sox9	Bmpr1b	2	hocomoco__SOX9_HUMAN.H11MO.0.B	5.27	TRUE	0.399635215327041
Sox9	Boc	2	hocomoco__SOX9_HUMAN.H11MO.0.B	5.27	TRUE	0.108731904340617
Sox9	Ccdc80	2	hocomoco__SOX9_HUMAN.H11MO.0.B	5.27	TRUE	0.270329871518419
Sox9	Chrdl1	2	hocomoco__SOX9_HUMAN.H11MO.0.B	5.27	TRUE	0.619567374481878
Sox9	Chsy1	2	hocomoco__SOX9_HUMAN.H11MO.0.B	5.27	TRUE	0.249117035184692
Sox9	Cnn3	2	hocomoco__SOX9_HUMAN.H11MO.0.B	5.27	TRUE	0.267591759574739
Sox9	Cntfr	3	hocomoco__SOX9_HUMAN.H11MO.0.B	5.27	TRUE	0.12460497815957
Sox9	Col27a1	2	hocomoco__SOX9_HUMAN.H11MO.0.B	5.27	TRUE	0.251483843225907
Sox9	Col9a3	2	hocomoco__SOX9_HUMAN.H11MO.0.B	5.27	TRUE	0.219316637116324
Sox9	Csrp1	2	hocomoco__SOX9_HUMAN.H11MO.0.B	5.27	TRUE	0.0731963498909558
Sox9	Cxcl14	3	hocomoco__SOX9_HUMAN.H11MO.0.B	5.27	TRUE	0.138632513124196
Sox9	Cyp2j9	1	hocomoco__SOX9_HUMAN.H11MO.0.B	5.27	TRUE	0.401592645627751
Sox9	Cyr61	2	hocomoco__SOX9_HUMAN.H11MO.0.B	5.27	TRUE	0.220803191528527
Sox9	Daam2	2	hocomoco__SOX9_HUMAN.H11MO.0.B	5.27	TRUE	0.356440329331202
Sox9	Ddah1	2	hocomoco__SOX9_HUMAN.H11MO.0.B	5.27	TRUE	0.280915434301123
Sox9	Dhrs4	2	hocomoco__SOX9_HUMAN.H11MO.0.B	5.27	TRUE	0.184096944939728
Sox9	Dio2	2	hocomoco__SOX9_HUMAN.H11MO.0.B	5.27	TRUE	0.531519248951697
Sox9	E130114P18Rik	2	hocomoco__SOX9_HUMAN.H11MO.0.B	5.27	TRUE	0.472158551192764
Sox9	Egfr	2	hocomoco__SOX9_HUMAN.H11MO.0.B	5.27	TRUE	0.407935607984921
Sox9	Eif4ebp3	1	hocomoco__SOX9_HUMAN.H11MO.0.B	5.27	TRUE	0.152171366953712
Sox9	Emid1	2	hocomoco__SOX9_HUMAN.H11MO.0.B	5.27	TRUE	0.0909625226427154
Sox9	Enho	1	hocomoco__SOX9_HUMAN.H11MO.0.B	5.27	TRUE	0.105632182498311
Sox9	Eya1	2	hocomoco__SOX9_HUMAN.H11MO.0.B	5.27	TRUE	0.189793539919855
Sox9	F3	2	hocomoco__SOX9_HUMAN.H11MO.0.B	5.27	TRUE	0.783050468002152
Sox9	Fabp7	2	hocomoco__SOX9_HUMAN.H11MO.0.B	5.27	TRUE	0.696898321664565
Sox9	Fads1	1	hocomoco__SOX9_HUMAN.H11MO.0.B	5.27	TRUE	0.351611181616625
Sox9	Fam163a	2	hocomoco__SOX9_HUMAN.H11MO.0.B	5.27	TRUE	0.199225282665947
Sox9	Fam189a2	2	hocomoco__SOX9_HUMAN.H11MO.0.B	5.27	TRUE	0.330377557298718
Sox9	Fermt2	2	hocomoco__SOX9_HUMAN.H11MO.0.B	5.27	TRUE	0.203970837957799
Sox9	Fgf1	2	hocomoco__SOX9_HUMAN.H11MO.0.B	5.27	TRUE	0.13296416183467
Sox9	Fgf9	2	hocomoco__SOX9_HUMAN.H11MO.0.B	5.27	TRUE	0.0460175514120828
Sox9	Fgfr2	2	hocomoco__SOX9_HUMAN.H11MO.0.B	5.27	TRUE	0.101442039006813
Sox9	Fgfr3	2	hocomoco__SOX9_HUMAN.H11MO.0.B	5.27	TRUE	0.831942935408355
Sox9	Fgfrl1	2	hocomoco__SOX9_HUMAN.H11MO.0.B	5.27	TRUE	0.238445394290712
Sox9	Fzd1	2	hocomoco__SOX9_HUMAN.H11MO.0.B	5.27	TRUE	0.134572319398173
Sox9	Fzd7	2	hocomoco__SOX9_HUMAN.H11MO.0.B	5.27	TRUE	0.417904315898817
Sox9	Gabrg1	1	hocomoco__SOX9_HUMAN.H11MO.0.B	5.27	TRUE	0.467660394615631
Sox9	Gad1	2	hocomoco__SOX9_HUMAN.H11MO.0.B	5.27	TRUE	0.0418574694592203
Sox9	Gadd45g	2	hocomoco__SOX9_HUMAN.H11MO.0.B	5.27	TRUE	0.184911515877782
Sox9	Gdf10	1	hocomoco__SOX9_HUMAN.H11MO.0.B	5.27	TRUE	0.231213435633143
Sox9	Ghr	2	hocomoco__SOX9_HUMAN.H11MO.0.B	5.27	TRUE	0.566584697317804
Sox9	Gja1	2	hocomoco__SOX9_HUMAN.H11MO.0.B	5.27	TRUE	0.783506273130648
Sox9	Gna13	2	hocomoco__SOX9_HUMAN.H11MO.0.B	5.27	TRUE	0.385382532536236
Sox9	Gpr19	3	hocomoco__SOX9_HUMAN.H11MO.0.B	5.27	TRUE	0.138918575183428
Sox9	Gpr56	1	hocomoco__SOX9_HUMAN.H11MO.0.B	5.27	TRUE	0.711454755991079
Sox9	Hapln1	2	hocomoco__SOX9_HUMAN.H11MO.0.B	5.27	TRUE	0.356035659077601
Sox9	Hdac7	2	hocomoco__SOX9_HUMAN.H11MO.0.B	5.27	TRUE	0.0963245841181956
Sox9	Ift27	1	hocomoco__SOX9_HUMAN.H11MO.0.B	5.27	TRUE	0.292889395357037
Sox9	Il33	2	hocomoco__SOX9_HUMAN.H11MO.0.B	5.27	TRUE	0.207473086298765
Sox9	Il6st	1	hocomoco__SOX9_HUMAN.H11MO.0.B	5.27	TRUE	0.188809371589077
Sox9	Itga6	1	hocomoco__SOX9_HUMAN.H11MO.0.B	5.27	TRUE	0.564440483960579
Sox9	Itgb5	2	hocomoco__SOX9_HUMAN.H11MO.0.B	5.27	TRUE	0.388238997694611
Sox9	Kcnj16	2	hocomoco__SOX9_HUMAN.H11MO.0.B	5.27	TRUE	0.574207042369539
Sox9	Kifc3	1	hocomoco__SOX9_HUMAN.H11MO.0.B	5.27	TRUE	0.157183438418654
Sox9	Krcc1	1	hocomoco__SOX9_HUMAN.H11MO.0.B	5.27	TRUE	0.127812360137978
Sox9	Ldhb	2	hocomoco__SOX9_HUMAN.H11MO.0.B	5.27	TRUE	0.0632477606119347
Sox9	Lect1	2	hocomoco__SOX9_HUMAN.H11MO.0.B	5.27	TRUE	0.330024897656492
Sox9	Letm2	2	hocomoco__SOX9_HUMAN.H11MO.0.B	5.27	TRUE	0.195860994119774
Sox9	Lfng	2	hocomoco__SOX9_HUMAN.H11MO.0.B	5.27	TRUE	0.606784286173216
Sox9	Lhfpl2	2	hocomoco__SOX9_HUMAN.H11MO.0.B	5.27	TRUE	0.162960499019037
Sox9	Lix1	2	hocomoco__SOX9_HUMAN.H11MO.0.B	5.27	TRUE	0.269167274158204
Sox9	Lpar4	2	hocomoco__SOX9_HUMAN.H11MO.0.B	5.27	TRUE	0.619325842966942
Sox9	Lrp4	2	hocomoco__SOX9_HUMAN.H11MO.0.B	5.27	TRUE	0.447969357697192
Sox9	Lrrc16a	1	hocomoco__SOX9_HUMAN.H11MO.0.B	5.27	TRUE	0.447626586192835
Sox9	Lsamp	2	hocomoco__SOX9_HUMAN.H11MO.0.B	5.27	TRUE	0.124137105790159
Sox9	Maml2	2	hocomoco__SOX9_HUMAN.H11MO.0.B	5.27	TRUE	0.26842013091018
Sox9	Mgll	2	hocomoco__SOX9_HUMAN.H11MO.0.B	5.27	TRUE	0.217403125734361
Sox9	Mgst1	2	hocomoco__SOX9_HUMAN.H11MO.0.B	5.27	TRUE	0.632490049909845
Sox9	Mid1ip1	2	hocomoco__SOX9_HUMAN.H11MO.0.B	5.27	TRUE	0.297676279111025
Sox9	Mlc1	1	hocomoco__SOX9_HUMAN.H11MO.0.B	5.27	TRUE	0.690063029967313
Sox9	Mtss1l	2	hocomoco__SOX9_HUMAN.H11MO.0.B	5.27	TRUE	0.114258992623597
Sox9	Myh11	2	hocomoco__SOX9_HUMAN.H11MO.0.B	5.27	TRUE	0.06610762220242
Sox9	Myo6	2	hocomoco__SOX9_HUMAN.H11MO.0.B	5.27	TRUE	0.240957307421476
Sox9	Nacc2	2	hocomoco__SOX9_HUMAN.H11MO.0.B	5.27	TRUE	0.108859398051056
Sox9	Nckap5	2	hocomoco__SOX9_HUMAN.H11MO.0.B	5.27	TRUE	0.324845053428022
Sox9	Ndp	2	hocomoco__SOX9_HUMAN.H11MO.0.B	5.27	TRUE	0.465750341585416
Sox9	Notch1	3	hocomoco__SOX9_HUMAN.H11MO.0.B	5.27	TRUE	0.508201008739882
Sox9	Notch2	2	hocomoco__SOX9_HUMAN.H11MO.0.B	5.27	TRUE	0.256307928217683
Sox9	Nrarp	3	hocomoco__SOX9_HUMAN.H11MO.0.B	5.27	TRUE	0.538498321428608
Sox9	Ntn1	2	hocomoco__SOX9_HUMAN.H11MO.0.B	5.27	TRUE	0.160370843937499
Sox9	Oat	2	hocomoco__SOX9_HUMAN.H11MO.0.B	5.27	TRUE	0.172323285495766
Sox9	Padi2	2	hocomoco__SOX9_HUMAN.H11MO.0.B	5.27	TRUE	0.203424084928521
Sox9	Pag1	2	hocomoco__SOX9_HUMAN.H11MO.0.B	5.27	TRUE	0.233535797114948
Sox9	Paqr4	2	hocomoco__SOX9_HUMAN.H11MO.0.B	5.27	TRUE	0.123831213280516
Sox9	Pcbd1	2	hocomoco__SOX9_HUMAN.H11MO.0.B	5.27	TRUE	0.0508844044831293
Sox9	Pcdh7	1	hocomoco__SOX9_HUMAN.H11MO.0.B	5.27	TRUE	0.060639116538538
Sox9	Pdgfrb	2	hocomoco__SOX9_HUMAN.H11MO.0.B	5.27	TRUE	0.474530787953478
Sox9	Pdpn	1	hocomoco__SOX9_HUMAN.H11MO.0.B	5.27	TRUE	0.677588874677929
Sox9	Per2	2	hocomoco__SOX9_HUMAN.H11MO.0.B	5.27	TRUE	0.333126976602258
Sox9	Phyhipl	2	hocomoco__SOX9_HUMAN.H11MO.0.B	5.27	TRUE	0.055794683421307
Sox9	Plcd1	2	hocomoco__SOX9_HUMAN.H11MO.0.B	5.27	TRUE	0.57346956349604
Sox9	Plekhf2	2	hocomoco__SOX9_HUMAN.H11MO.0.B	5.27	TRUE	0.265089526489205
Sox9	Plxnb1	2	hocomoco__SOX9_HUMAN.H11MO.0.B	5.27	TRUE	0.5561096508354
Sox9	Ppap2b	2	hocomoco__SOX9_HUMAN.H11MO.0.B	5.27	TRUE	0.754410310283952
Sox9	Ptchd2	2	hocomoco__SOX9_HUMAN.H11MO.0.B	5.27	TRUE	0.0816901646601343
Sox9	Ptprb	2	hocomoco__SOX9_HUMAN.H11MO.0.B	5.27	TRUE	0.0979502288306998
Sox9	Rab9	2	hocomoco__SOX9_HUMAN.H11MO.0.B	5.27	TRUE	0.140333642584749
Sox9	Rdh10	2	hocomoco__SOX9_HUMAN.H11MO.0.B	5.27	TRUE	0.199643318449754
Sox9	Rlbp1	2	hocomoco__SOX9_HUMAN.H11MO.0.B	5.27	TRUE	0.474327597975714
Sox9	Rnf144a	2	hocomoco__SOX9_HUMAN.H11MO.0.B	5.27	TRUE	0.260493040873053
Sox9	S100b	2	hocomoco__SOX9_HUMAN.H11MO.0.B	5.27	TRUE	0.157459223853058
Sox9	Scara3	2	hocomoco__SOX9_HUMAN.H11MO.0.B	5.27	TRUE	0.668645249709967
Sox9	Scrg1	2	hocomoco__SOX9_HUMAN.H11MO.0.B	5.27	TRUE	0.304950207264385
Sox9	Sdc2	2	hocomoco__SOX9_HUMAN.H11MO.0.B	5.27	TRUE	0.242220519770247
Sox9	Sema4b	1	hocomoco__SOX9_HUMAN.H11MO.0.B	5.27	TRUE	0.37036538913859
Sox9	Sema6d	3	hocomoco__SOX9_HUMAN.H11MO.0.B	5.27	TRUE	0.136830423801374
Sox9	Serpinf1	2	hocomoco__SOX9_HUMAN.H11MO.0.B	5.27	TRUE	0.539262962431248
Sox9	Sfxn5	1	hocomoco__SOX9_HUMAN.H11MO.0.B	5.27	TRUE	0.606781924055568
Sox9	Sh3pxd2b	2	hocomoco__SOX9_HUMAN.H11MO.0.B	5.27	TRUE	0.330306100025798
Sox9	Slc14a1	2	hocomoco__SOX9_HUMAN.H11MO.0.B	5.27	TRUE	0.457261354243931
Sox9	Slc38a3	2	hocomoco__SOX9_HUMAN.H11MO.0.B	5.27	TRUE	0.770708922155022
Sox9	Slc41a1	2	hocomoco__SOX9_HUMAN.H11MO.0.B	5.27	TRUE	0.116754422628459
Sox9	Slc4a4	2	hocomoco__SOX9_HUMAN.H11MO.0.B	5.27	TRUE	0.76265257965144
Sox9	Slc6a1	2	hocomoco__SOX9_HUMAN.H11MO.0.B	5.27	TRUE	0.122138956534076
Sox9	Slitrk2	2	hocomoco__SOX9_HUMAN.H11MO.0.B	5.27	TRUE	0.297483099724628
Sox9	Soat1	2	hocomoco__SOX9_HUMAN.H11MO.0.B	5.27	TRUE	0.266223288696769
Sox9	Spa17	1	hocomoco__SOX9_HUMAN.H11MO.0.B	5.27	TRUE	0.163629843411648
Sox9	Sparcl1	2	hocomoco__SOX9_HUMAN.H11MO.0.B	5.27	TRUE	0.437245373053516
Sox9	Ssfa2	1	hocomoco__SOX9_HUMAN.H11MO.0.B	5.27	TRUE	0.168646432616215
Sox9	St5	2	hocomoco__SOX9_HUMAN.H11MO.0.B	5.27	TRUE	0.295702831520596
Sox9	Stard8	2	hocomoco__SOX9_HUMAN.H11MO.0.B	5.27	TRUE	0.0859408523141394
Sox9	Stat6	1	hocomoco__SOX9_HUMAN.H11MO.0.B	5.27	TRUE	0.172551926334084
Sox9	Tex9	2	hocomoco__SOX9_HUMAN.H11MO.0.B	5.27	TRUE	0.110743517579435
Sox9	Tmem100	2	hocomoco__SOX9_HUMAN.H11MO.0.B	5.27	TRUE	0.779285197460065
Sox9	Tmem108	2	hocomoco__SOX9_HUMAN.H11MO.0.B	5.27	TRUE	0.11039242405632
Sox9	Tmem47	2	hocomoco__SOX9_HUMAN.H11MO.0.B	5.27	TRUE	0.494907785070957
Sox9	Trim9	2	hocomoco__SOX9_HUMAN.H11MO.0.B	5.27	TRUE	0.0919504203965332
Sox9	Ttc30b	2	hocomoco__SOX9_HUMAN.H11MO.0.B	5.27	TRUE	0.198655537025012
Sox9	Vav3	2	hocomoco__SOX9_HUMAN.H11MO.0.B	5.27	TRUE	0.162569121823906
Sox9	Vgll4	2	hocomoco__SOX9_HUMAN.H11MO.0.B	5.27	TRUE	0.15557194343585
Sox9	Wnt7a	2	hocomoco__SOX9_HUMAN.H11MO.0.B	5.27	TRUE	0.339916902556297
Sox9	Wwtr1	2	hocomoco__SOX9_HUMAN.H11MO.0.B	5.27	TRUE	0.407639972003471
Sox9	Zfp703	1	hocomoco__SOX9_HUMAN.H11MO.0.B	5.27	TRUE	0.427912671948499
Sox9	2900052N01Rik	1	hocomoco__SOX10_HUMAN.H11MO.0.B	3.94	FALSE	0.646664094517497
Sox9	Abat	1	hocomoco__SOX10_HUMAN.H11MO.0.B	3.94	FALSE	0.0307259841059361
Sox9	Alk	1	hocomoco__SOX10_HUMAN.H11MO.0.B	3.94	FALSE	0.111363571496312
Sox9	Ankrd55	1	hocomoco__SOX10_HUMAN.H11MO.0.B	3.94	FALSE	0.0982759156675026
Sox9	Anxa2	1	hocomoco__SOX10_HUMAN.H11MO.0.B	3.94	FALSE	0.216306748700806
Sox9	C1qtnf6	1	hocomoco__SOX10_HUMAN.H11MO.0.B	3.94	FALSE	0.103697824542391
Sox9	Ccnd3	1	hocomoco__SOX10_HUMAN.H11MO.0.B	3.94	FALSE	0.259983626610461
Sox9	Cdc14a	1	hocomoco__SOX10_HUMAN.H11MO.0.B	3.94	FALSE	0.114454628728356
Sox9	Chst10	1	hocomoco__SOX10_HUMAN.H11MO.0.B	3.94	FALSE	0.176248966723048
Sox9	Cirbp	1	hocomoco__SOX10_HUMAN.H11MO.0.B	3.94	FALSE	0.115976350242935
Sox9	Ddr2	1	hocomoco__SOX10_HUMAN.H11MO.0.B	3.94	FALSE	0.130895580056983
Sox9	Dtna	1	hocomoco__SOX10_HUMAN.H11MO.0.B	3.94	FALSE	0.185861107068476
Sox9	Hopx	1	hocomoco__SOX10_HUMAN.H11MO.0.B	3.94	FALSE	0.413413852862454
Sox9	Islr	1	hocomoco__SOX10_HUMAN.H11MO.0.B	3.94	FALSE	0.62530477369003
Sox9	Lama2	1	hocomoco__SOX10_HUMAN.H11MO.0.B	3.94	FALSE	0.26304244059664
Sox9	Lhfp	1	hocomoco__SOX10_HUMAN.H11MO.0.B	3.94	FALSE	0.223809575978047
Sox9	Mr1	1	hocomoco__SOX10_HUMAN.H11MO.0.B	3.94	FALSE	0.580351885082888
Sox9	Mrap2	1	hocomoco__SOX10_HUMAN.H11MO.0.B	3.94	FALSE	0.236116855524555
Sox9	Nxph1	2	hocomoco__SOX10_HUMAN.H11MO.0.B	3.94	FALSE	0.155873070823095
Sox9	Osbpl3	1	hocomoco__SOX10_HUMAN.H11MO.0.B	3.94	FALSE	0.0564391917506836
Sox9	Rapgef3	1	hocomoco__SOX10_HUMAN.H11MO.0.B	3.94	FALSE	0.436172273656965
Sox9	Rell1	1	hocomoco__SOX10_HUMAN.H11MO.0.B	3.94	FALSE	0.227114991343406
Sox9	Sepp1	1	hocomoco__SOX10_HUMAN.H11MO.0.B	3.94	FALSE	0.118221408960051
Sox9	Slc1a2	2	hocomoco__SOX10_HUMAN.H11MO.0.B	3.94	FALSE	0.677451152854456
Sox9	Sncaip	1	hocomoco__SOX10_HUMAN.H11MO.0.B	3.94	FALSE	0.125131388356865
Sox9	Spry4	1	hocomoco__SOX10_HUMAN.H11MO.0.B	3.94	FALSE	0.296906245710177
Sox9	St3gal6	1	hocomoco__SOX10_HUMAN.H11MO.0.B	3.94	FALSE	0.23129606736774
Sox9	Thbs1	1	hocomoco__SOX10_HUMAN.H11MO.0.B	3.94	FALSE	0.118119076858341
Sox9	Tnfaip8	1	hocomoco__SOX10_HUMAN.H11MO.0.B	3.94	FALSE	0.389313300605715
Sox9	Tshz3	2	hocomoco__SOX10_HUMAN.H11MO.0.B	3.94	FALSE	0.122706396219003
Sox9	Unc5d	1	hocomoco__SOX10_HUMAN.H11MO.0.B	3.94	FALSE	0.0985042790849308
Sox9	Utp14b	1	hocomoco__SOX10_HUMAN.H11MO.0.B	3.94	FALSE	0.163893932263856
Sox9	Ltbr	1	dbcorrdb__POU5F1__ENCSR000BMU_1__m1	3.31	FALSE	0.360938660189285
Stat6	Cdkn1a	11	swissregulon__hs__STAT5_A_B_.p2	4.12	FALSE	0.0845467077148204
Stat6	Cyp46a1	1	swissregulon__hs__STAT5_A_B_.p2	4.12	FALSE	0.0628477333193097
Stat6	Eif4ebp3	11	swissregulon__hs__STAT5_A_B_.p2	4.12	FALSE	0.107184928072799
Stat6	Nos3	11	swissregulon__hs__STAT5_A_B_.p2	4.12	FALSE	0.117867391553268
Stat6	Per1	1	swissregulon__hs__STAT5_A_B_.p2	4.12	FALSE	0.0835355249629849
Stat6	Ubl7	2	swissregulon__hs__STAT5_A_B_.p2	4.12	FALSE	0.159668209300884
Stat6	Abtb2	10	transfac_pro__M01260	3.88	FALSE	0.116978272924015
Stat6	Calb2	9	transfac_pro__M01260	3.88	FALSE	0.0855741684859595
Stat6	Ccl2	10	transfac_pro__M01260	3.88	FALSE	0.19713956444412
Stat6	Ccl7	8	transfac_pro__M01260	3.88	FALSE	0.136488672004416
Stat6	Crh	10	transfac_pro__M01260	3.88	FALSE	0.0858008164591854
Stat6	Cyr61	4	transfac_pro__M01260	3.88	FALSE	0.0699817069936386
Stat6	Elfn1	7	transfac_pro__M01260	3.88	FALSE	0.0906902249680392
Stat6	Fcgr1	10	transfac_pro__M01260	3.88	FALSE	0.0697377738380828
Stat6	Irak1	10	transfac_pro__M01260	3.88	FALSE	0.102229155081332
Stat6	Mphosph9	7	transfac_pro__M01260	3.88	FALSE	0.0581587575582894
Stat6	Mrap2	8	transfac_pro__M01260	3.88	FALSE	0.0479831202037365
Stat6	Net1	8	transfac_pro__M01260	3.88	FALSE	0.110559807809539
Stat6	P2ry13	10	transfac_pro__M01260	3.88	FALSE	0.0867841096634457
Stat6	Ptprb	3	transfac_pro__M01260	3.88	FALSE	0.0385552489094269
Stat6	Slc7a1	7	transfac_pro__M01260	3.88	FALSE	0.0490667357148592
Stat6	Tlr7	8	transfac_pro__M01260	3.88	FALSE	0.350773206512627
Stat6	Tnfaip8	1	transfac_pro__M01260	3.88	FALSE	0.11731907213537
Stat6	Vwc2	1	transfac_pro__M01260	3.88	FALSE	0.0269280244109004
Stat6	Anxa2	4	transfac_pro__M01823	3.57	FALSE	0.112902340735328
Stat6	C1qtnf6	6	transfac_pro__M01823	3.57	FALSE	0.0345869852822588
Stat6	Ccr1	5	transfac_pro__M01823	3.57	FALSE	0.141445549677976
Stat6	Cd48	1	transfac_pro__M01823	3.57	FALSE	0.0824036506402904
Stat6	Fam110b	3	transfac_pro__M01823	3.57	FALSE	0.0583361587490842
Stat6	Kcne4	7	transfac_pro__M01823	3.57	FALSE	0.0778519147460283
Stat6	Map3k5	1	transfac_pro__M01823	3.57	FALSE	0.168240971671075
Stat6	Mro	4	transfac_pro__M01823	3.57	FALSE	0.0726957648540955
Stat6	Ptpn6	1	transfac_pro__M01823	3.57	FALSE	0.351458181743332
Stat6	Ptprc	1	transfac_pro__M01823	3.57	FALSE	0.106477727509328
Stat6	Shc1	5	transfac_pro__M01823	3.57	FALSE	0.180483103144105
Stat6	Tmem38b	1	transfac_pro__M01823	3.57	FALSE	0.0880095302313042
Stat6	Tslp	2	transfac_pro__M01823	3.57	FALSE	0.106722235347547
Stat6	Vgll4	1	transfac_pro__M01823	3.57	FALSE	0.218442456172436
Stat6	2310022B05Rik	5	dbcorrdb__STAT3__ENCSR000DOU_1__m1	3.52	FALSE	0.0646718760837613
Stat6	Adhfe1	2	dbcorrdb__STAT3__ENCSR000DOU_1__m1	3.52	FALSE	0.0525706461137521
Stat6	B2m	2	dbcorrdb__STAT3__ENCSR000DOU_1__m1	3.52	FALSE	0.0617943648573426
Stat6	Lect1	7	dbcorrdb__STAT3__ENCSR000DOU_1__m1	3.52	FALSE	0.199357803826213
Stat6	4930523C07Rik	11	tfdimers__MD00051	3.41	TRUE	0.0749831262018473
Stat6	Bcl2a1b	9	tfdimers__MD00051	3.41	TRUE	0.161021830606133
Stat6	Ccl3	7	tfdimers__MD00051	3.41	TRUE	0.0707178733719996
Stat6	Cd14	11	tfdimers__MD00051	3.41	TRUE	0.151911134124151
Stat6	Clec4a2	1	tfdimers__MD00051	3.41	TRUE	0.252271840215679
Stat6	Col27a1	8	tfdimers__MD00051	3.41	TRUE	0.183973454194634
Stat6	Esam	1	tfdimers__MD00051	3.41	TRUE	0.134768785535761
Stat6	Fzd7	4	tfdimers__MD00051	3.41	TRUE	0.314593304162319
Stat6	Irf1	12	tfdimers__MD00051	3.41	TRUE	0.294266591137994
Stat6	Lifr	7	tfdimers__MD00051	3.41	TRUE	0.0546625745862429
Stat6	Lyn	9	tfdimers__MD00051	3.41	TRUE	0.131080849791729
Stat6	Nup205	2	tfdimers__MD00051	3.41	TRUE	0.0818900911769503
Stat6	Prr7	2	tfdimers__MD00051	3.41	TRUE	0.0737869271261001
Stat6	Slc7a7	8	tfdimers__MD00051	3.41	TRUE	0.0792554644144468
Stat6	Stard8	12	tfdimers__MD00051	3.41	TRUE	0.13185671928543
Stat6	Stat6	9	tfdimers__MD00051	3.41	TRUE	NA
Stat6	Tshz3	9	tfdimers__MD00051	3.41	TRUE	0.0646152486715379
Stat6	Txnip	3	tfdimers__MD00051	3.41	TRUE	0.0931226019652533
Stat6	Boc	9	tfdimers__MD00373	3.17	TRUE	0.0670144884863324
Stat6	Ccdc80	2	tfdimers__MD00373	3.17	TRUE	0.255462193625321
Stat6	Cd163	1	tfdimers__MD00373	3.17	TRUE	0.124777226674241
Stat6	Lama4	12	tfdimers__MD00373	3.17	TRUE	0.183418954425344
Stat6	Myh11	9	tfdimers__MD00373	3.17	TRUE	0.148237206026013
Stat6	Plk3	1	tfdimers__MD00373	3.17	TRUE	0.157992656330262
Stat6	Rell1	10	tfdimers__MD00373	3.17	TRUE	0.0817195666285669
Stat6	Rnase4	4	tfdimers__MD00373	3.17	TRUE	0.100904005340324
Stat6	Tgfb3	11	tfdimers__MD00373	3.17	TRUE	0.203826264400227
Stat6	Bank1	1	cisbp__M4548	3.11	FALSE	0.320056505479912
Stat6	Clic1	3	cisbp__M4548	3.11	FALSE	0.152609499343303
Stat6	Trib1	1	cisbp__M4548	3.11	FALSE	0.0984213125279157
Stat6	Kctd8	3	cisbp__M1955	3.06	FALSE	0.11785487791267
Stat6	Srgn	2	cisbp__M1955	3.06	FALSE	0.146029363401957
Stat6	Utrn	2	cisbp__M1955	3.06	FALSE	0.0894348685326768
Tef	9330159F19Rik	59	taipale_cyt_meth__TEF_NRTTAYGTAAYN_eDBD_meth	7.8	TRUE	0.529273544932979
Tef	A830010M20Rik	38	taipale_cyt_meth__TEF_NRTTAYGTAAYN_eDBD_meth	7.8	TRUE	0.58551635101845
Tef	A830018L16Rik	43	taipale_cyt_meth__TEF_NRTTAYGTAAYN_eDBD_meth	7.8	TRUE	0.41225890688848
Tef	Abcb4	54	taipale_cyt_meth__TEF_NRTTAYGTAAYN_eDBD_meth	7.8	TRUE	0.624075840262354
Tef	Ablim1	75	taipale_cyt_meth__TEF_NRTTAYGTAAYN_eDBD_meth	7.8	TRUE	0.178066977537745
Tef	Acsl5	35	taipale_cyt_meth__TEF_NRTTAYGTAAYN_eDBD_meth	7.8	TRUE	0.400677589032906
Tef	Adcy5	39	taipale_cyt_meth__TEF_NRTTAYGTAAYN_eDBD_meth	7.8	TRUE	0.28464719567562
Tef	Add3	63	taipale_cyt_meth__TEF_NRTTAYGTAAYN_eDBD_meth	7.8	TRUE	0.478092169405435
Tef	Adrb1	68	taipale_cyt_meth__TEF_NRTTAYGTAAYN_eDBD_meth	7.8	TRUE	0.603441545071992
Tef	Akap1	63	taipale_cyt_meth__TEF_NRTTAYGTAAYN_eDBD_meth	7.8	TRUE	0.544709563474185
Tef	Aldh1a1	66	taipale_cyt_meth__TEF_NRTTAYGTAAYN_eDBD_meth	7.8	TRUE	0.278345854908612
Tef	Alk	8	taipale_cyt_meth__TEF_NRTTAYGTAAYN_eDBD_meth	7.8	TRUE	0.244394028539789
Tef	Ank	73	taipale_cyt_meth__TEF_NRTTAYGTAAYN_eDBD_meth	7.8	TRUE	0.355475580118526
Tef	Ankrd40	56	taipale_cyt_meth__TEF_NRTTAYGTAAYN_eDBD_meth	7.8	TRUE	0.316086648702818
Tef	Ankrd50	33	taipale_cyt_meth__TEF_NRTTAYGTAAYN_eDBD_meth	7.8	TRUE	0.104741955322394
Tef	Ankrd55	37	taipale_cyt_meth__TEF_NRTTAYGTAAYN_eDBD_meth	7.8	TRUE	0.267529413285354
Tef	Arhgap6	46	taipale_cyt_meth__TEF_NRTTAYGTAAYN_eDBD_meth	7.8	TRUE	0.172877820709341
Tef	Arhgef10l	69	taipale_cyt_meth__TEF_NRTTAYGTAAYN_eDBD_meth	7.8	TRUE	0.32925720441728
Tef	Arl4c	51	taipale_cyt_meth__TEF_NRTTAYGTAAYN_eDBD_meth	7.8	TRUE	0.0860226478136002
Tef	Asph	49	taipale_cyt_meth__TEF_NRTTAYGTAAYN_eDBD_meth	7.8	TRUE	0.47340108190504
Tef	Atg14	38	taipale_cyt_meth__TEF_NRTTAYGTAAYN_eDBD_meth	7.8	TRUE	0.468419195360984
Tef	Atp2b2	50	taipale_cyt_meth__TEF_NRTTAYGTAAYN_eDBD_meth	7.8	TRUE	0.609702789605107
Tef	Bai1	69	taipale_cyt_meth__TEF_NRTTAYGTAAYN_eDBD_meth	7.8	TRUE	0.657286935771212
Tef	Bend4	11	taipale_cyt_meth__TEF_NRTTAYGTAAYN_eDBD_meth	7.8	TRUE	0.169708760569758
Tef	Bsn	75	taipale_cyt_meth__TEF_NRTTAYGTAAYN_eDBD_meth	7.8	TRUE	0.532542297913764
Tef	Cacna1i	76	taipale_cyt_meth__TEF_NRTTAYGTAAYN_eDBD_meth	7.8	TRUE	0.414630252082919
Tef	Calb2	43	taipale_cyt_meth__TEF_NRTTAYGTAAYN_eDBD_meth	7.8	TRUE	0.144770370982843
Tef	Camk1d	59	taipale_cyt_meth__TEF_NRTTAYGTAAYN_eDBD_meth	7.8	TRUE	0.56046469018871
Tef	Capsl	20	taipale_cyt_meth__TEF_NRTTAYGTAAYN_eDBD_meth	7.8	TRUE	0.301881943604693
Tef	Cask	49	taipale_cyt_meth__TEF_NRTTAYGTAAYN_eDBD_meth	7.8	TRUE	0.564578314584611
Tef	Caskin1	73	taipale_cyt_meth__TEF_NRTTAYGTAAYN_eDBD_meth	7.8	TRUE	0.319645765269611
Tef	Cdk5r1	72	taipale_cyt_meth__TEF_NRTTAYGTAAYN_eDBD_meth	7.8	TRUE	0.63892342393084
Tef	Celf2	46	taipale_cyt_meth__TEF_NRTTAYGTAAYN_eDBD_meth	7.8	TRUE	0.659668886429109
Tef	Cgrrf1	14	taipale_cyt_meth__TEF_NRTTAYGTAAYN_eDBD_meth	7.8	TRUE	0.251073162539297
Tef	Chst10	43	taipale_cyt_meth__TEF_NRTTAYGTAAYN_eDBD_meth	7.8	TRUE	0.177614612077455
Tef	Cirbp	30	taipale_cyt_meth__TEF_NRTTAYGTAAYN_eDBD_meth	7.8	TRUE	0.258518503100741
Tef	Clasp1	67	taipale_cyt_meth__TEF_NRTTAYGTAAYN_eDBD_meth	7.8	TRUE	0.388910529729527
Tef	Cntfr	77	taipale_cyt_meth__TEF_NRTTAYGTAAYN_eDBD_meth	7.8	TRUE	0.168248596385176
Tef	Cntnap2	43	taipale_cyt_meth__TEF_NRTTAYGTAAYN_eDBD_meth	7.8	TRUE	0.306709080872768
Tef	Col25a1	53	taipale_cyt_meth__TEF_NRTTAYGTAAYN_eDBD_meth	7.8	TRUE	0.173437745214092
Tef	Crispld1	60	taipale_cyt_meth__TEF_NRTTAYGTAAYN_eDBD_meth	7.8	TRUE	0.349245645425836
Tef	Crtac1	74	taipale_cyt_meth__TEF_NRTTAYGTAAYN_eDBD_meth	7.8	TRUE	0.580179686486866
Tef	Cry2	39	taipale_cyt_meth__TEF_NRTTAYGTAAYN_eDBD_meth	7.8	TRUE	0.596039465460382
Tef	Csnk2a2	28	taipale_cyt_meth__TEF_NRTTAYGTAAYN_eDBD_meth	7.8	TRUE	0.329816856260035
Tef	Ctdspl	50	taipale_cyt_meth__TEF_NRTTAYGTAAYN_eDBD_meth	7.8	TRUE	0.234801831420178
Tef	D17Wsu92e	39	taipale_cyt_meth__TEF_NRTTAYGTAAYN_eDBD_meth	7.8	TRUE	0.424821210851048
Tef	Ddah1	44	taipale_cyt_meth__TEF_NRTTAYGTAAYN_eDBD_meth	7.8	TRUE	0.0920206427081591
Tef	Ddx42	84	taipale_cyt_meth__TEF_NRTTAYGTAAYN_eDBD_meth	7.8	TRUE	0.501907513821246
Tef	Dennd4a	76	taipale_cyt_meth__TEF_NRTTAYGTAAYN_eDBD_meth	7.8	TRUE	0.35073560242996
Tef	Deptor	59	taipale_cyt_meth__TEF_NRTTAYGTAAYN_eDBD_meth	7.8	TRUE	0.192804503578281
Tef	Dlg2	63	taipale_cyt_meth__TEF_NRTTAYGTAAYN_eDBD_meth	7.8	TRUE	0.445118051593135
Tef	Dlgap3	83	taipale_cyt_meth__TEF_NRTTAYGTAAYN_eDBD_meth	7.8	TRUE	0.562616158571317
Tef	Dlx1	48	taipale_cyt_meth__TEF_NRTTAYGTAAYN_eDBD_meth	7.8	TRUE	0.0957731144337688
Tef	Dock3	56	taipale_cyt_meth__TEF_NRTTAYGTAAYN_eDBD_meth	7.8	TRUE	0.43639816634694
Tef	Drp2	16	taipale_cyt_meth__TEF_NRTTAYGTAAYN_eDBD_meth	7.8	TRUE	0.555035775447047
Tef	Ehd1	72	taipale_cyt_meth__TEF_NRTTAYGTAAYN_eDBD_meth	7.8	TRUE	0.296363174021298
Tef	Epb4.1l4a	39	taipale_cyt_meth__TEF_NRTTAYGTAAYN_eDBD_meth	7.8	TRUE	0.251116815051688
Tef	Epha5	63	taipale_cyt_meth__TEF_NRTTAYGTAAYN_eDBD_meth	7.8	TRUE	0.646214588516304
Tef	Etl4	48	taipale_cyt_meth__TEF_NRTTAYGTAAYN_eDBD_meth	7.8	TRUE	0.13744601770589
Tef	Etnk1	41	taipale_cyt_meth__TEF_NRTTAYGTAAYN_eDBD_meth	7.8	TRUE	0.392824017209636
Tef	Exd2	39	taipale_cyt_meth__TEF_NRTTAYGTAAYN_eDBD_meth	7.8	TRUE	0.39768423225019
Tef	Faim2	84	taipale_cyt_meth__TEF_NRTTAYGTAAYN_eDBD_meth	7.8	TRUE	0.349134594247015
Tef	Fbxl16	75	taipale_cyt_meth__TEF_NRTTAYGTAAYN_eDBD_meth	7.8	TRUE	0.678655568657366
Tef	Fbxl3	69	taipale_cyt_meth__TEF_NRTTAYGTAAYN_eDBD_meth	7.8	TRUE	0.463394322426162
Tef	Fbxo11	68	taipale_cyt_meth__TEF_NRTTAYGTAAYN_eDBD_meth	7.8	TRUE	0.498682667070438
Tef	Fgf13	56	taipale_cyt_meth__TEF_NRTTAYGTAAYN_eDBD_meth	7.8	TRUE	0.475454237667547
Tef	Fgf14	82	taipale_cyt_meth__TEF_NRTTAYGTAAYN_eDBD_meth	7.8	TRUE	0.412925892753527
Tef	Fhl1	71	taipale_cyt_meth__TEF_NRTTAYGTAAYN_eDBD_meth	7.8	TRUE	0.274784346309073
Tef	Frem1	59	taipale_cyt_meth__TEF_NRTTAYGTAAYN_eDBD_meth	7.8	TRUE	0.091283108531549
Tef	Fstl4	61	taipale_cyt_meth__TEF_NRTTAYGTAAYN_eDBD_meth	7.8	TRUE	0.188281960137262
Tef	Fstl5	39	taipale_cyt_meth__TEF_NRTTAYGTAAYN_eDBD_meth	7.8	TRUE	0.0774240306440109
Tef	Gabbr2	42	taipale_cyt_meth__TEF_NRTTAYGTAAYN_eDBD_meth	7.8	TRUE	0.618129130831908
Tef	Galnt14	64	taipale_cyt_meth__TEF_NRTTAYGTAAYN_eDBD_meth	7.8	TRUE	0.176320444372704
Tef	Ggt7	74	taipale_cyt_meth__TEF_NRTTAYGTAAYN_eDBD_meth	7.8	TRUE	0.520226491491129
Tef	Gm129	69	taipale_cyt_meth__TEF_NRTTAYGTAAYN_eDBD_meth	7.8	TRUE	0.220138311735862
Tef	Gpr158	54	taipale_cyt_meth__TEF_NRTTAYGTAAYN_eDBD_meth	7.8	TRUE	0.48839733941158
Tef	Gpr98	66	taipale_cyt_meth__TEF_NRTTAYGTAAYN_eDBD_meth	7.8	TRUE	0.300330090346487
Tef	Grb10	84	taipale_cyt_meth__TEF_NRTTAYGTAAYN_eDBD_meth	7.8	TRUE	0.160319790894654
Tef	Gria4	67	taipale_cyt_meth__TEF_NRTTAYGTAAYN_eDBD_meth	7.8	TRUE	0.05427497149495
Tef	Hbegf	65	taipale_cyt_meth__TEF_NRTTAYGTAAYN_eDBD_meth	7.8	TRUE	0.122200984695088
Tef	Hdac7	42	taipale_cyt_meth__TEF_NRTTAYGTAAYN_eDBD_meth	7.8	TRUE	0.519208318849805
Tef	Hnrnph1	70	taipale_cyt_meth__TEF_NRTTAYGTAAYN_eDBD_meth	7.8	TRUE	0.61198304047074
Tef	Hnrnpl	76	taipale_cyt_meth__TEF_NRTTAYGTAAYN_eDBD_meth	7.8	TRUE	0.593432819728487
Tef	Hrh3	71	taipale_cyt_meth__TEF_NRTTAYGTAAYN_eDBD_meth	7.8	TRUE	0.518940141140274
Tef	Il1rapl1	81	taipale_cyt_meth__TEF_NRTTAYGTAAYN_eDBD_meth	7.8	TRUE	0.230193678092208
Tef	Inpp4a	58	taipale_cyt_meth__TEF_NRTTAYGTAAYN_eDBD_meth	7.8	TRUE	0.492128384539759
Tef	Jph3	64	taipale_cyt_meth__TEF_NRTTAYGTAAYN_eDBD_meth	7.8	TRUE	0.730579124811259
Tef	Kcna2	13	taipale_cyt_meth__TEF_NRTTAYGTAAYN_eDBD_meth	7.8	TRUE	0.368876144810867
Tef	Kcnc1	74	taipale_cyt_meth__TEF_NRTTAYGTAAYN_eDBD_meth	7.8	TRUE	0.0674597443830082
Tef	Kcnj9	41	taipale_cyt_meth__TEF_NRTTAYGTAAYN_eDBD_meth	7.8	TRUE	0.567882771082506
Tef	Krcc1	62	taipale_cyt_meth__TEF_NRTTAYGTAAYN_eDBD_meth	7.8	TRUE	0.306836552317672
Tef	Ktn1	9	taipale_cyt_meth__TEF_NRTTAYGTAAYN_eDBD_meth	7.8	TRUE	0.500643493290649
Tef	Lgi1	43	taipale_cyt_meth__TEF_NRTTAYGTAAYN_eDBD_meth	7.8	TRUE	0.53126484477219
Tef	Lrrc4c	65	taipale_cyt_meth__TEF_NRTTAYGTAAYN_eDBD_meth	7.8	TRUE	0.551146080187866
Tef	Lsamp	31	taipale_cyt_meth__TEF_NRTTAYGTAAYN_eDBD_meth	7.8	TRUE	0.328399070114869
Tef	Map2k3	67	taipale_cyt_meth__TEF_NRTTAYGTAAYN_eDBD_meth	7.8	TRUE	0.402493536123685
Tef	Map3k5	34	taipale_cyt_meth__TEF_NRTTAYGTAAYN_eDBD_meth	7.8	TRUE	0.200650915194429
Tef	Mapk14	46	taipale_cyt_meth__TEF_NRTTAYGTAAYN_eDBD_meth	7.8	TRUE	0.596756485927203
Tef	Mapre2	66	taipale_cyt_meth__TEF_NRTTAYGTAAYN_eDBD_meth	7.8	TRUE	0.495707118803759
Tef	Mark3	39	taipale_cyt_meth__TEF_NRTTAYGTAAYN_eDBD_meth	7.8	TRUE	0.589515961499711
Tef	Met	71	taipale_cyt_meth__TEF_NRTTAYGTAAYN_eDBD_meth	7.8	TRUE	0.460808423583252
Tef	Mphosph9	47	taipale_cyt_meth__TEF_NRTTAYGTAAYN_eDBD_meth	7.8	TRUE	0.53830372876271
Tef	Mtus2	82	taipale_cyt_meth__TEF_NRTTAYGTAAYN_eDBD_meth	7.8	TRUE	0.449616169458016
Tef	Mum1l1	27	taipale_cyt_meth__TEF_NRTTAYGTAAYN_eDBD_meth	7.8	TRUE	0.198651751997941
Tef	Mxra7	39	taipale_cyt_meth__TEF_NRTTAYGTAAYN_eDBD_meth	7.8	TRUE	0.219569213019424
Tef	Myh9	57	taipale_cyt_meth__TEF_NRTTAYGTAAYN_eDBD_meth	7.8	TRUE	0.370777198836823
Tef	Nfkbia	27	taipale_cyt_meth__TEF_NRTTAYGTAAYN_eDBD_meth	7.8	TRUE	0.369822903667493
Tef	Npas3	24	taipale_cyt_meth__TEF_NRTTAYGTAAYN_eDBD_meth	7.8	TRUE	0.0671348583309367
Tef	Nptx1	78	taipale_cyt_meth__TEF_NRTTAYGTAAYN_eDBD_meth	7.8	TRUE	0.564952869545367
Tef	Nrarp	45	taipale_cyt_meth__TEF_NRTTAYGTAAYN_eDBD_meth	7.8	TRUE	0.221952028133713
Tef	Nrxn3	72	taipale_cyt_meth__TEF_NRTTAYGTAAYN_eDBD_meth	7.8	TRUE	0.212873620291014
Tef	Nup205	35	taipale_cyt_meth__TEF_NRTTAYGTAAYN_eDBD_meth	7.8	TRUE	0.34409743207129
Tef	Osbpl3	31	taipale_cyt_meth__TEF_NRTTAYGTAAYN_eDBD_meth	7.8	TRUE	0.248388875557306
Tef	Osbpl6	82	taipale_cyt_meth__TEF_NRTTAYGTAAYN_eDBD_meth	7.8	TRUE	0.629283670830065
Tef	P2ry1	55	taipale_cyt_meth__TEF_NRTTAYGTAAYN_eDBD_meth	7.8	TRUE	0.187654350059451
Tef	Pacsin2	15	taipale_cyt_meth__TEF_NRTTAYGTAAYN_eDBD_meth	7.8	TRUE	0.280939600138494
Tef	Pag1	65	taipale_cyt_meth__TEF_NRTTAYGTAAYN_eDBD_meth	7.8	TRUE	0.249263727526414
Tef	Pak1	66	taipale_cyt_meth__TEF_NRTTAYGTAAYN_eDBD_meth	7.8	TRUE	0.578099823688714
Tef	Paqr3	49	taipale_cyt_meth__TEF_NRTTAYGTAAYN_eDBD_meth	7.8	TRUE	0.496881103679869
Tef	Paqr9	56	taipale_cyt_meth__TEF_NRTTAYGTAAYN_eDBD_meth	7.8	TRUE	0.429664947354033
Tef	Pdp1	70	taipale_cyt_meth__TEF_NRTTAYGTAAYN_eDBD_meth	7.8	TRUE	0.290431888378088
Tef	Pdxp	74	taipale_cyt_meth__TEF_NRTTAYGTAAYN_eDBD_meth	7.8	TRUE	0.553239273496358
Tef	Per1	84	taipale_cyt_meth__TEF_NRTTAYGTAAYN_eDBD_meth	7.8	TRUE	0.386619203930369
Tef	Per2	84	taipale_cyt_meth__TEF_NRTTAYGTAAYN_eDBD_meth	7.8	TRUE	0.317108266006908
Tef	Per3	85	taipale_cyt_meth__TEF_NRTTAYGTAAYN_eDBD_meth	7.8	TRUE	0.427685047548905
Tef	Phyhipl	69	taipale_cyt_meth__TEF_NRTTAYGTAAYN_eDBD_meth	7.8	TRUE	0.0796724014638995
Tef	Pik3r1	56	taipale_cyt_meth__TEF_NRTTAYGTAAYN_eDBD_meth	7.8	TRUE	0.41696139704787
Tef	Pip5k1a	26	taipale_cyt_meth__TEF_NRTTAYGTAAYN_eDBD_meth	7.8	TRUE	0.578397952984855
Tef	Pkib	69	taipale_cyt_meth__TEF_NRTTAYGTAAYN_eDBD_meth	7.8	TRUE	0.183796164801633
Tef	Plcb1	67	taipale_cyt_meth__TEF_NRTTAYGTAAYN_eDBD_meth	7.8	TRUE	0.680373475861881
Tef	Plcl2	38	taipale_cyt_meth__TEF_NRTTAYGTAAYN_eDBD_meth	7.8	TRUE	0.604823980764407
Tef	Plekha6	35	taipale_cyt_meth__TEF_NRTTAYGTAAYN_eDBD_meth	7.8	TRUE	0.572124345168901
Tef	Plekhh3	33	taipale_cyt_meth__TEF_NRTTAYGTAAYN_eDBD_meth	7.8	TRUE	0.307110440371583
Tef	Prkcz	72	taipale_cyt_meth__TEF_NRTTAYGTAAYN_eDBD_meth	7.8	TRUE	0.43048779573492
Tef	Psme4	53	taipale_cyt_meth__TEF_NRTTAYGTAAYN_eDBD_meth	7.8	TRUE	0.554987472670145
Tef	Ptp4a1	65	taipale_cyt_meth__TEF_NRTTAYGTAAYN_eDBD_meth	7.8	TRUE	0.276777819954072
Tef	Ptprd	61	taipale_cyt_meth__TEF_NRTTAYGTAAYN_eDBD_meth	7.8	TRUE	0.217018341914759
Tef	Ptpro	28	taipale_cyt_meth__TEF_NRTTAYGTAAYN_eDBD_meth	7.8	TRUE	0.373479012877821
Tef	Racgap1	47	taipale_cyt_meth__TEF_NRTTAYGTAAYN_eDBD_meth	7.8	TRUE	0.121902911255163
Tef	Ralgps2	69	taipale_cyt_meth__TEF_NRTTAYGTAAYN_eDBD_meth	7.8	TRUE	0.569134737867325
Tef	Rap1a	68	taipale_cyt_meth__TEF_NRTTAYGTAAYN_eDBD_meth	7.8	TRUE	0.196237828350509
Tef	Rbm4b	9	taipale_cyt_meth__TEF_NRTTAYGTAAYN_eDBD_meth	7.8	TRUE	0.285100912530683
Tef	Rcan1	49	taipale_cyt_meth__TEF_NRTTAYGTAAYN_eDBD_meth	7.8	TRUE	0.51044048438569
Tef	Rcan2	84	taipale_cyt_meth__TEF_NRTTAYGTAAYN_eDBD_meth	7.8	TRUE	0.0544590543682782
Tef	Reln	54	taipale_cyt_meth__TEF_NRTTAYGTAAYN_eDBD_meth	7.8	TRUE	0.193410549530967
Tef	Rgs16	50	taipale_cyt_meth__TEF_NRTTAYGTAAYN_eDBD_meth	7.8	TRUE	0.186338824641418
Tef	Rhobtb2	75	taipale_cyt_meth__TEF_NRTTAYGTAAYN_eDBD_meth	7.8	TRUE	0.474197859147566
Tef	Rnf44	41	taipale_cyt_meth__TEF_NRTTAYGTAAYN_eDBD_meth	7.8	TRUE	0.415141969354203
Tef	Rph3a	80	taipale_cyt_meth__TEF_NRTTAYGTAAYN_eDBD_meth	7.8	TRUE	0.112397541952876
Tef	Rqcd1	63	taipale_cyt_meth__TEF_NRTTAYGTAAYN_eDBD_meth	7.8	TRUE	0.464425188070601
Tef	Scn8a	80	taipale_cyt_meth__TEF_NRTTAYGTAAYN_eDBD_meth	7.8	TRUE	0.662893570433992
Tef	Sertad2	82	taipale_cyt_meth__TEF_NRTTAYGTAAYN_eDBD_meth	7.8	TRUE	0.425771722604752
Tef	Sestd1	63	taipale_cyt_meth__TEF_NRTTAYGTAAYN_eDBD_meth	7.8	TRUE	0.572605752139408
Tef	Setd7	24	taipale_cyt_meth__TEF_NRTTAYGTAAYN_eDBD_meth	7.8	TRUE	0.190124428436016
Tef	Sgk1	41	taipale_cyt_meth__TEF_NRTTAYGTAAYN_eDBD_meth	7.8	TRUE	0.397387203275501
Tef	Sgms1	49	taipale_cyt_meth__TEF_NRTTAYGTAAYN_eDBD_meth	7.8	TRUE	0.341174462850758
Tef	Siah1a	42	taipale_cyt_meth__TEF_NRTTAYGTAAYN_eDBD_meth	7.8	TRUE	0.503611618445288
Tef	Slc12a5	83	taipale_cyt_meth__TEF_NRTTAYGTAAYN_eDBD_meth	7.8	TRUE	0.598617985701326
Tef	Slc36a1	55	taipale_cyt_meth__TEF_NRTTAYGTAAYN_eDBD_meth	7.8	TRUE	0.57371859931017
Tef	Slit2	47	taipale_cyt_meth__TEF_NRTTAYGTAAYN_eDBD_meth	7.8	TRUE	0.499024934791017
Tef	Slitrk2	28	taipale_cyt_meth__TEF_NRTTAYGTAAYN_eDBD_meth	7.8	TRUE	0.324865521665621
Tef	Slitrk4	39	taipale_cyt_meth__TEF_NRTTAYGTAAYN_eDBD_meth	7.8	TRUE	0.54933162907414
Tef	Smarca2	83	taipale_cyt_meth__TEF_NRTTAYGTAAYN_eDBD_meth	7.8	TRUE	0.478584641583776
Tef	Socs5	34	taipale_cyt_meth__TEF_NRTTAYGTAAYN_eDBD_meth	7.8	TRUE	0.384230211863555
Tef	Sparcl1	29	taipale_cyt_meth__TEF_NRTTAYGTAAYN_eDBD_meth	7.8	TRUE	0.202734114269281
Tef	Spata2	74	taipale_cyt_meth__TEF_NRTTAYGTAAYN_eDBD_meth	7.8	TRUE	0.34539097280195
Tef	Spred1	60	taipale_cyt_meth__TEF_NRTTAYGTAAYN_eDBD_meth	7.8	TRUE	0.44377771917134
Tef	Spred2	64	taipale_cyt_meth__TEF_NRTTAYGTAAYN_eDBD_meth	7.8	TRUE	0.509756994416301
Tef	Spry4	78	taipale_cyt_meth__TEF_NRTTAYGTAAYN_eDBD_meth	7.8	TRUE	0.132088412945969
Tef	Ssfa2	61	taipale_cyt_meth__TEF_NRTTAYGTAAYN_eDBD_meth	7.8	TRUE	0.263426583791015
Tef	Stx17	37	taipale_cyt_meth__TEF_NRTTAYGTAAYN_eDBD_meth	7.8	TRUE	0.238554063635115
Tef	Synpo	74	taipale_cyt_meth__TEF_NRTTAYGTAAYN_eDBD_meth	7.8	TRUE	0.680959000138071
Tef	Syt6	67	taipale_cyt_meth__TEF_NRTTAYGTAAYN_eDBD_meth	7.8	TRUE	0.103722701596179
Tef	Taf2	42	taipale_cyt_meth__TEF_NRTTAYGTAAYN_eDBD_meth	7.8	TRUE	0.394777074850182
Tef	Tef	77	taipale_cyt_meth__TEF_NRTTAYGTAAYN_eDBD_meth	7.8	TRUE	NA
Tef	Tex9	31	taipale_cyt_meth__TEF_NRTTAYGTAAYN_eDBD_meth	7.8	TRUE	0.165254371804716
Tef	Tiam1	64	taipale_cyt_meth__TEF_NRTTAYGTAAYN_eDBD_meth	7.8	TRUE	0.349182059281989
Tef	Tle3	52	taipale_cyt_meth__TEF_NRTTAYGTAAYN_eDBD_meth	7.8	TRUE	0.429510622875392
Tef	Tmem175	54	taipale_cyt_meth__TEF_NRTTAYGTAAYN_eDBD_meth	7.8	TRUE	0.359890794951072
Tef	Tmem47	43	taipale_cyt_meth__TEF_NRTTAYGTAAYN_eDBD_meth	7.8	TRUE	0.123868445187708
Tef	Tmem57	85	taipale_cyt_meth__TEF_NRTTAYGTAAYN_eDBD_meth	7.8	TRUE	0.35657479035323
Tef	Tnrc6b	56	taipale_cyt_meth__TEF_NRTTAYGTAAYN_eDBD_meth	7.8	TRUE	0.509586902190119
Tef	Trib1	76	taipale_cyt_meth__TEF_NRTTAYGTAAYN_eDBD_meth	7.8	TRUE	0.279200955578259
Tef	Trp53i11	81	taipale_cyt_meth__TEF_NRTTAYGTAAYN_eDBD_meth	7.8	TRUE	0.106362459395548
Tef	Trpm3	59	taipale_cyt_meth__TEF_NRTTAYGTAAYN_eDBD_meth	7.8	TRUE	0.249767501507494
Tef	Tspan7	59	taipale_cyt_meth__TEF_NRTTAYGTAAYN_eDBD_meth	7.8	TRUE	0.322797317326519
Tef	Ttc30b	34	taipale_cyt_meth__TEF_NRTTAYGTAAYN_eDBD_meth	7.8	TRUE	0.392998577951975
Tef	Ube2e3	54	taipale_cyt_meth__TEF_NRTTAYGTAAYN_eDBD_meth	7.8	TRUE	0.584322885402206
Tef	Ubl3	52	taipale_cyt_meth__TEF_NRTTAYGTAAYN_eDBD_meth	7.8	TRUE	0.285716247604159
Tef	Uggt2	56	taipale_cyt_meth__TEF_NRTTAYGTAAYN_eDBD_meth	7.8	TRUE	0.635603542807566
Tef	Unc5c	81	taipale_cyt_meth__TEF_NRTTAYGTAAYN_eDBD_meth	7.8	TRUE	0.303084857661738
Tef	Unc5d	27	taipale_cyt_meth__TEF_NRTTAYGTAAYN_eDBD_meth	7.8	TRUE	0.112017544617363
Tef	Usp2	84	taipale_cyt_meth__TEF_NRTTAYGTAAYN_eDBD_meth	7.8	TRUE	0.646176886823212
Tef	Utrn	18	taipale_cyt_meth__TEF_NRTTAYGTAAYN_eDBD_meth	7.8	TRUE	0.197205136169621
Tef	Vac14	29	taipale_cyt_meth__TEF_NRTTAYGTAAYN_eDBD_meth	7.8	TRUE	0.228676566680083
Tef	Vav3	20	taipale_cyt_meth__TEF_NRTTAYGTAAYN_eDBD_meth	7.8	TRUE	0.222832615778258
Tef	Vgll4	45	taipale_cyt_meth__TEF_NRTTAYGTAAYN_eDBD_meth	7.8	TRUE	0.133351110895381
Tef	Vps13a	61	taipale_cyt_meth__TEF_NRTTAYGTAAYN_eDBD_meth	7.8	TRUE	0.562686492538802
Tef	Wdr82	42	taipale_cyt_meth__TEF_NRTTAYGTAAYN_eDBD_meth	7.8	TRUE	0.4926580623397
Tef	Ythdf3	46	taipale_cyt_meth__TEF_NRTTAYGTAAYN_eDBD_meth	7.8	TRUE	0.468330028769729
Tef	Zcchc8	37	taipale_cyt_meth__TEF_NRTTAYGTAAYN_eDBD_meth	7.8	TRUE	0.551588213694392
Tef	Zfp703	20	taipale_cyt_meth__TEF_NRTTAYGTAAYN_eDBD_meth	7.8	TRUE	0.260533919555458
Tef	Zfyve16	56	taipale_cyt_meth__TEF_NRTTAYGTAAYN_eDBD_meth	7.8	TRUE	0.253589142930378
Tef	4930422G04Rik	44	transfac_public__M00228	7.54	TRUE	0.482117926026687
Tef	Adarb2	18	transfac_public__M00228	7.54	TRUE	0.0870242676367349
Tef	AI854703	45	transfac_public__M00228	7.54	TRUE	0.257109702390786
Tef	Akr1b10	11	transfac_public__M00228	7.54	TRUE	0.368863112427516
Tef	Akt2	36	transfac_public__M00228	7.54	TRUE	0.166234002081002
Tef	Ank1	51	transfac_public__M00228	7.54	TRUE	0.167454694670365
Tef	Ankrd27	27	transfac_public__M00228	7.54	TRUE	0.490392620797535
Tef	Arhgap18	8	transfac_public__M00228	7.54	TRUE	0.24911810103325
Tef	Atg7	17	transfac_public__M00228	7.54	TRUE	0.352879706485643
Tef	Atxn2l	31	transfac_public__M00228	7.54	TRUE	0.397887660947369
Tef	Bmi1	26	transfac_public__M00228	7.54	TRUE	0.603823386380115
Tef	Boc	16	transfac_public__M00228	7.54	TRUE	0.514830807564667
Tef	Brd2	33	transfac_public__M00228	7.54	TRUE	0.407757978070776
Tef	Btbd11	12	transfac_public__M00228	7.54	TRUE	0.0805431180257906
Tef	Casc3	38	transfac_public__M00228	7.54	TRUE	0.359476383087457
Tef	Ccnd1	51	transfac_public__M00228	7.54	TRUE	0.433325637163025
Tef	Cited2	19	transfac_public__M00228	7.54	TRUE	0.121048151669865
Tef	Cntnap4	33	transfac_public__M00228	7.54	TRUE	0.096372525459195
Tef	Col19a1	14	transfac_public__M00228	7.54	TRUE	0.0797463516176729
Tef	D15Ertd621e	34	transfac_public__M00228	7.54	TRUE	0.386832252345488
Tef	Dclk1	26	transfac_public__M00228	7.54	TRUE	0.494438058374457
Tef	Ddr2	38	transfac_public__M00228	7.54	TRUE	0.217126803325665
Tef	Dtna	8	transfac_public__M00228	7.54	TRUE	0.166822164794197
Tef	Dyrk1a	42	transfac_public__M00228	7.54	TRUE	0.586256566437551
Tef	Eaf1	5	transfac_public__M00228	7.54	TRUE	0.379591982108561
Tef	Elmo1	43	transfac_public__M00228	7.54	TRUE	0.110339106616655
Tef	Erbb4	15	transfac_public__M00228	7.54	TRUE	0.229048892010765
Tef	Fam110b	28	transfac_public__M00228	7.54	TRUE	0.50930784590168
Tef	Fktn	59	transfac_public__M00228	7.54	TRUE	0.524246489808102
Tef	Gabra1	44	transfac_public__M00228	7.54	TRUE	0.478659154706584
Tef	Gas2l1	20	transfac_public__M00228	7.54	TRUE	0.545421423628449
Tef	Gpr19	14	transfac_public__M00228	7.54	TRUE	0.437742885902097
Tef	Hrk	66	transfac_public__M00228	7.54	TRUE	0.647979673235207
Tef	Ier2	21	transfac_public__M00228	7.54	TRUE	0.24864501038538
Tef	Igf1	7	transfac_public__M00228	7.54	TRUE	0.0970601025891935
Tef	Itga3	46	transfac_public__M00228	7.54	TRUE	0.275095297616954
Tef	Josd1	45	transfac_public__M00228	7.54	TRUE	0.529196321544062
Tef	Kctd16	68	transfac_public__M00228	7.54	TRUE	0.515244832849874
Tef	Klhl24	34	transfac_public__M00228	7.54	TRUE	0.265640663730716
Tef	Lifr	61	transfac_public__M00228	7.54	TRUE	0.42409158444514
Tef	Lmo4	37	transfac_public__M00228	7.54	TRUE	0.462309337217446
Tef	Lpar4	52	transfac_public__M00228	7.54	TRUE	0.227519514009218
Tef	Med13	37	transfac_public__M00228	7.54	TRUE	0.455837612271063
Tef	Nab1	12	transfac_public__M00228	7.54	TRUE	0.277051675272078
Tef	Nbr1	52	transfac_public__M00228	7.54	TRUE	0.469632373140778
Tef	Ncam1	44	transfac_public__M00228	7.54	TRUE	0.397000775606057
Tef	Nckap5	19	transfac_public__M00228	7.54	TRUE	0.31221106585306
Tef	Nin	36	transfac_public__M00228	7.54	TRUE	0.537509535614314
Tef	Pde7a	31	transfac_public__M00228	7.54	TRUE	0.239972066551648
Tef	Phf17	44	transfac_public__M00228	7.54	TRUE	0.327593267099602
Tef	Plekhf2	15	transfac_public__M00228	7.54	TRUE	0.387714593818362
Tef	Prr7	45	transfac_public__M00228	7.54	TRUE	0.539177336312341
Tef	Ptprs	45	transfac_public__M00228	7.54	TRUE	0.597683886166297
Tef	Pvrl1	25	transfac_public__M00228	7.54	TRUE	0.347598023831941
Tef	Rab9	41	transfac_public__M00228	7.54	TRUE	0.256115446863448
Tef	Rasl10a	20	transfac_public__M00228	7.54	TRUE	0.630425825566796
Tef	Rgmb	21	transfac_public__M00228	7.54	TRUE	0.259762569412851
Tef	Rgs8	38	transfac_public__M00228	7.54	TRUE	0.287403250016787
Tef	Rnf144a	11	transfac_public__M00228	7.54	TRUE	0.217783435245012
Tef	Robo1	37	transfac_public__M00228	7.54	TRUE	0.29218461780287
Tef	Rpl34	22	transfac_public__M00228	7.54	TRUE	0.292687733396063
Tef	Samd4	76	transfac_public__M00228	7.54	TRUE	0.0906758229701843
Tef	Scml4	34	transfac_public__M00228	7.54	TRUE	0.136777251756095
Tef	Slamf9	7	transfac_public__M00228	7.54	TRUE	0.699941934004745
Tef	Slc1a2	32	transfac_public__M00228	7.54	TRUE	0.117050185921234
Tef	Slc7a1	32	transfac_public__M00228	7.54	TRUE	0.353752973453603
Tef	Sorbs1	36	transfac_public__M00228	7.54	TRUE	0.243165482721995
Tef	Srsf1	35	transfac_public__M00228	7.54	TRUE	0.450338574844684
Tef	Sult4a1	40	transfac_public__M00228	7.54	TRUE	0.391172597636602
Tef	Tmub2	18	transfac_public__M00228	7.54	TRUE	0.433169954438441
Tef	Tnfaip3	43	transfac_public__M00228	7.54	TRUE	0.473529427236438
Tef	Trpm7	48	transfac_public__M00228	7.54	TRUE	0.417735400628756
Tef	Tulp4	43	transfac_public__M00228	7.54	TRUE	0.187965014779647
Tef	Txndc12	18	transfac_public__M00228	7.54	TRUE	0.354643632210032
Tef	Vstm2l	31	transfac_public__M00228	7.54	TRUE	0.429207394622778
Tef	Zfyve1	6	transfac_public__M00228	7.54	TRUE	0.259836836615411
Tef	Trim9	8	taipale_cyt_meth__DBP_NRTTAYGTAAYN_eDBD	7.43	FALSE	0.50844784035126
Tef	Abr	36	transfac_pro__M07683	7.42	TRUE	0.537335762957145
Tef	Adamts17	32	transfac_pro__M07683	7.42	TRUE	0.141561985784005
Tef	Cnst	11	taipale__TEF_DBD_NRTTACRTAAYN	7.42	TRUE	0.582560143766026
Tef	Csnk1g1	5	taipale__TEF_DBD_NRTTACRTAAYN	7.42	TRUE	0.565704402941192
Tef	Gadd45g	33	transfac_pro__M07683	7.42	TRUE	0.358194000871843
Tef	Pold3	28	transfac_pro__M07683	7.42	TRUE	0.367768125052847
Tef	Rasa3	33	transfac_pro__M07683	7.42	TRUE	0.314456070403368
Tef	Rcbtb2	12	transfac_pro__M07683	7.42	TRUE	0.331521434470353
Tef	Reep5	41	transfac_pro__M07683	7.42	TRUE	0.334261332472854
Tef	Serf1	33	transfac_pro__M07683	7.42	TRUE	0.388239796580922
Tef	Stag2	38	transfac_pro__M07683	7.42	TRUE	0.34431532701677
Tef	Tanc2	55	transfac_pro__M07683	7.42	TRUE	0.536720211598469
Tef	Ubash3b	39	transfac_pro__M07683	7.42	TRUE	0.108822562693051
Tef	Ube2v2	35	transfac_pro__M07683	7.42	TRUE	0.335887799666265
Tef	Utp14b	27	transfac_pro__M07683	7.42	TRUE	0.135958742447405
Tef	Vps37b	42	transfac_pro__M07683	7.42	TRUE	0.51668376159569
Tef	Zfp593	17	transfac_pro__M07683	7.42	TRUE	0.350218819785694
Tef	Arhgap24	9	taipale_cyt_meth__DBP_NRTTAYGTAAYN_eDBD_meth	7.4	FALSE	0.200001498338017
Tef	Slc35f4	14	taipale_cyt_meth__DBP_NRTTAYGTAAYN_eDBD_meth	7.4	FALSE	0.425705669977182
Tef	Fcho1	20	transfac_pro__M07674	7.34	TRUE	0.471854258140684
Tef	Lix1	21	transfac_pro__M07674	7.34	TRUE	0.277094277438004
Tef	Aplp2	10	cisbp__M4088	7.32	TRUE	0.239986114959632
Tef	Cd302	13	cisbp__M4088	7.32	TRUE	0.31817705777954
Tef	Frmd4a	30	cisbp__M4088	7.32	TRUE	0.359360301269635
Tef	Herc2	3	cisbp__M4088	7.32	TRUE	0.530951507250412
Tef	Lmbrd1	6	cisbp__M4088	7.32	TRUE	0.377501618212742
Tef	Nedd9	8	cisbp__M4088	7.32	TRUE	0.347839317513877
Tef	Snx18	6	cisbp__M4088	7.32	TRUE	0.32131871486964
Tef	Slc12a6	22	cisbp__M2251	7.26	TRUE	0.290902092475879
Tef	Mtss1	6	taipale__HLF_full_NRTTACGTAAYN	7.25	FALSE	0.122727159258746
Tef	Camk2d	10	cisbp__M5999	7.2	FALSE	0.174873484176426
Tef	Gabrb1	3	cisbp__M5999	7.2	FALSE	0.538972477000928
Tef	Rai1	24	transfac_pro__M07688	7.17	TRUE	0.532180152182101
Tef	Rdh10	20	transfac_pro__M07688	7.17	TRUE	0.325328019815888
Tef	Abcd3	20	taipale__TEF_FL_NRTTACRTAAYN	7.1	TRUE	0.370711752488024
Tef	Crh	12	taipale__TEF_FL_NRTTACRTAAYN	7.1	TRUE	0.114180425729278
Tef	Cyp46a1	9	taipale__TEF_FL_NRTTACRTAAYN	7.1	TRUE	0.619436857236493
Tef	Htr3b	17	taipale__TEF_FL_NRTTACRTAAYN	7.1	TRUE	0.232950412749234
Tef	Neo1	20	taipale__TEF_FL_NRTTACRTAAYN	7.1	TRUE	0.307549730391054
Tef	Rps12	5	taipale__TEF_FL_NRTTACRTAAYN	7.1	TRUE	0.296974135364749
Tef	Ahdc1	12	cisbp__M5910	6.98	TRUE	0.585296785532656
Tef	Bahcc1	16	cisbp__M5910	6.98	TRUE	0.319630633352009
Tef	Cplx1	1	transfac_pro__M07692	6.98	FALSE	0.169584228548376
Tef	Letm2	4	transfac_pro__M07692	6.98	FALSE	0.289182307282061
Tef	Adamts20	22	transfac_pro__M07439	6.89	TRUE	0.322057424790689
Tef	Emid1	12	transfac_pro__M07439	6.89	TRUE	0.364515130180523
Tef	Lancl3	5	transfac_pro__M07439	6.89	TRUE	0.142549835517264
Tef	Manea	22	transfac_pro__M07439	6.89	TRUE	0.38583109922126
Tef	Nos3	10	transfac_pro__M07439	6.89	TRUE	0.286022463468883
Tef	Rab3b	14	transfac_pro__M07439	6.89	TRUE	0.0887217014743185
Tef	Rasgrf2	23	transfac_pro__M07439	6.89	TRUE	0.0915001328359349
Tef	Tab2	21	transfac_pro__M07439	6.89	TRUE	0.534218851009134
Tef	Tjp1	8	transfac_pro__M07439	6.89	TRUE	0.24184751120286
Tef	Arhgef12	3	hocomoco__DBP_HUMAN.H11MO.0.B	6.61	FALSE	0.401333938356331
Tef	Hells	2	hocomoco__DBP_HUMAN.H11MO.0.B	6.61	FALSE	0.445644816207336
Tef	Ift27	3	hocomoco__DBP_HUMAN.H11MO.0.B	6.61	FALSE	0.186467941431301
Tef	Ptprm	6	flyfactorsurvey__vri_SANGER_5_FBgn0016076	6.6	FALSE	0.162890979753917
Tef	AI836003	4	taipale__NFIL3_DBD_NRTTACRTAAYN_repr	6.59	FALSE	0.150420591387811
Tef	Cald1	4	hocomoco__NFIL3_HUMAN.H11MO.0.D	6.53	FALSE	0.18430097886701
Tef	G0s2	1	hocomoco__NFIL3_HUMAN.H11MO.0.D	6.53	FALSE	0.193972176435063
Tef	Ccdc28a	24	stark__TTAYGTAA	6.45	TRUE	0.388057844809879
Tef	Exoc8	6	stark__TTAYGTAA	6.45	TRUE	0.418645245731738
Tef	Pkia	29	stark__TTAYGTAA	6.45	TRUE	0.352657942736527
Tef	Stox2	26	stark__TTAYGTAA	6.45	TRUE	0.33766104290359
Tef	Tnfaip8l3	10	stark__TTAYGTAA	6.45	TRUE	0.312656048583378
Tef	Rras	3	swissregulon__hs__ATF2.p2	6.37	FALSE	0.521167819827192
Tef	Adipor2	6	jaspar__MA0025.1	5.6	FALSE	0.194323855961017
Tef	Cntn3	2	jaspar__MA0025.1	5.6	FALSE	0.479572225572544
Tef	Il33	3	jaspar__MA0025.1	5.6	FALSE	0.369856109399594
Tef	Ghr	2	swissregulon__hs__HLF.p2	5.58	FALSE	0.228637521867325
Tef	C1qtnf1	13	transfac_pro__M09010	5.57	TRUE	0.12132289563381
Tef	Cntn5	8	transfac_pro__M09010	5.57	TRUE	0.457781775255267
Tef	Ece2	12	transfac_pro__M09010	5.57	TRUE	0.199581282376248
Tef	Fancf	5	transfac_pro__M09010	5.57	TRUE	0.186805026787241
Tef	Grin3a	8	transfac_pro__M09010	5.57	TRUE	0.393030647004825
Tef	Hapln1	5	scertf__spivak.YAP6	5.57	FALSE	0.179393872109985
Tef	Ptchd2	20	transfac_pro__M09010	5.57	TRUE	0.264660263191655
Tef	Pvrl2	10	transfac_pro__M09010	5.57	TRUE	0.129378553767044
Tef	Ralgds	4	transfac_pro__M09010	5.57	TRUE	0.278135112794765
Tef	Rell1	6	transfac_pro__M09010	5.57	TRUE	0.197201385571098
Tef	Scn9a	1	transfac_pro__M09010	5.57	TRUE	0.55614754234151
Tef	Shisa9	19	transfac_pro__M09010	5.57	TRUE	0.144316394788589
Tef	Slc41a1	17	transfac_pro__M09010	5.57	TRUE	0.586825656631496
Tef	Sncaip	8	transfac_pro__M09010	5.57	TRUE	0.135313714258103
Tef	St5	13	transfac_pro__M09010	5.57	TRUE	0.246127929406476
Tef	Tpd52	2	transfac_pro__M09010	5.57	TRUE	0.227555164194063
Tef	Mapk9	2	cisbp__M3393	5.48	FALSE	0.345228500354377
Tef	Sema6c	2	transfac_public__M00040	5.44	FALSE	0.399776399450891
Tef	Slc6a1	3	transfac_pro__M07038	5.42	FALSE	0.0762064145908259
Tef	Strbp	2	transfac_pro__M07038	5.42	FALSE	0.516149361001824
Tef	Net1	1	cisbp__M0358	5.21	FALSE	0.342769663127595
Tef	Fgf9	8	cisbp__M4992	5.17	TRUE	0.153922609238622
Tef	Hcrtr2	6	cisbp__M4992	5.17	TRUE	0.438271832227334
Tef	Btf3	4	cisbp__M4249	5.08	FALSE	0.289256053039339
Tef	Krt73	2	cisbp__M4249	5.08	FALSE	0.154743300895874
Tef	Rc3h1	2	cisbp__M4249	5.08	FALSE	0.284174326919805
Tef	Rwdd3	4	cisbp__M4249	5.08	FALSE	0.217538033475089
Tef	Slc22a5	1	cisbp__M4249	5.08	FALSE	0.221388333998978
Tef	Oat	5	cisbp__M0316	5.04	FALSE	0.232270775121745
Tef	2610203C20Rik	1	cisbp__M1875	4.96	FALSE	0.13360759229106
Tef	Pgpep1	8	cisbp__M1875	4.96	FALSE	0.423230269918543
Tef	Rab33b	1	scertf__spivak.CIN5	4.87	FALSE	0.176511362590343
Tef	Vwc2	1	scertf__spivak.CIN5	4.87	FALSE	0.106795356162553
Tef	Ppp2r1b	3	transfac_pro__M01640	4.73	FALSE	0.119268768389191
Tef	Tapt1	4	transfac_pro__M01640	4.73	FALSE	0.423351898428827
Tef	Cabp1	2	flyfactorsurvey__gt_NAR_FBgn0001150	4.61	TRUE	0.392062645173062
Tef	Grik1	1	flyfactorsurvey__gt_NAR_FBgn0001150	4.61	TRUE	0.0958870494556709
Tef	Kctd8	17	flyfactorsurvey__gt_NAR_FBgn0001150	4.61	TRUE	0.16502986550677
Tef	Slco5a1	23	flyfactorsurvey__gt_NAR_FBgn0001150	4.61	TRUE	0.515331456910982
Tef	Tshz3	13	flyfactorsurvey__gt_NAR_FBgn0001150	4.61	TRUE	0.206010859412942
Tef	Arhgap23	5	idmmpmm__gt	4.55	TRUE	0.175411960139358
Tef	Chsy1	5	idmmpmm__gt	4.55	TRUE	0.285512876944489
Tef	D630003M21Rik	2	idmmpmm__gt	4.55	TRUE	0.195786673794458
Tef	Dlx5	6	idmmpmm__gt	4.55	TRUE	0.123976079581937
Tef	Dpysl5	11	idmmpmm__gt	4.55	TRUE	0.143774627588788
Tef	Fggy	11	idmmpmm__gt	4.55	TRUE	0.218255693467122
Tef	Gadd45b	6	idmmpmm__gt	4.55	TRUE	0.462396476359229
Tef	Gdf10	4	idmmpmm__gt	4.55	TRUE	0.156789302803204
Tef	Gm5607	6	idmmpmm__gt	4.55	TRUE	0.188024632858553
Tef	Kcnmb2	7	idmmpmm__gt	4.55	TRUE	0.098406729559616
Tef	Laptm4a	21	idmmpmm__gt	4.55	TRUE	0.51040494782371
Tef	Lbh	6	idmmpmm__gt	4.55	TRUE	0.109959953662614
Tef	Ldhb	11	idmmpmm__gt	4.55	TRUE	0.248486421427541
Tef	Lphn1	14	idmmpmm__gt	4.55	TRUE	0.61486955911105
Tef	Nfxl1	2	idmmpmm__gt	4.55	TRUE	0.22583707409813
Tef	Ntn1	2	idmmpmm__gt	4.55	TRUE	0.233543194864244
Tef	Pcdh7	8	idmmpmm__gt	4.55	TRUE	0.460209604528342
Tef	Rimklb	4	idmmpmm__gt	4.55	TRUE	0.1518661482722
Tef	Sdc2	7	idmmpmm__gt	4.55	TRUE	0.223304181054746
Tef	Sema3c	10	idmmpmm__gt	4.55	TRUE	0.20112978509058
Tef	St8sia4	10	idmmpmm__gt	4.55	TRUE	0.115328784842495
Tef	Stat6	7	idmmpmm__gt	4.55	TRUE	0.167040722703672
Tef	Tgfb3	6	idmmpmm__gt	4.55	TRUE	0.101033207538986
Tef	Wnt5a	7	idmmpmm__gt	4.55	TRUE	0.0998781264862419
Tef	Rgs10	1	cisbp__M0324	4.49	FALSE	0.166740570858186
Tef	Ache	6	cisbp__M0293	3.99	TRUE	0.128591015528521
Tef	Cbln2	6	cisbp__M0293	3.99	TRUE	0.166487701145723
Tef	Ccnd3	8	cisbp__M0293	3.99	TRUE	0.405815034390072
Tef	Ctnnd1	12	cisbp__M0293	3.99	TRUE	0.220818506197016
Tef	Elfn1	9	cisbp__M0293	3.99	TRUE	0.217517062288526
Tef	Fam84b	9	cisbp__M0293	3.99	TRUE	0.617957398532316
Tef	Fndc3b	1	cisbp__M0293	3.99	TRUE	0.32554418896693
Tef	Gad1	1	cisbp__M0293	3.99	TRUE	0.082592742054596
Tef	Iglon5	5	cisbp__M0293	3.99	TRUE	0.286366361720484
Tef	Igsf3	4	cisbp__M0293	3.99	TRUE	0.190251960481315
Tef	Kifc3	5	cisbp__M0293	3.99	TRUE	0.423184476835134
Tef	Lgi2	12	cisbp__M0293	3.99	TRUE	0.131968690237408
Tef	Lrch3	1	cisbp__M0293	3.99	TRUE	0.213325560576813
Tef	Midn	5	cisbp__M0293	3.99	TRUE	0.441819337807124
Tef	Mro	3	cisbp__M0293	3.99	TRUE	0.438244533238923
Tef	Mtss1l	2	cisbp__M0293	3.99	TRUE	0.151626304161058
Tef	Myl9	7	cisbp__M0293	3.99	TRUE	0.0956368260871716
Tef	Nrip3	2	cisbp__M0293	3.99	TRUE	0.194962153409587
Tef	Nrtn	6	cisbp__M0293	3.99	TRUE	0.28503200215401
Tef	Nt5dc2	3	cisbp__M0293	3.99	TRUE	0.1488648884945
Tef	Pcbd1	1	cisbp__M0293	3.99	TRUE	0.250372631700482
Tef	Penk	4	cisbp__M0293	3.99	TRUE	0.514827074014856
Tef	Phlpp1	8	cisbp__M0293	3.99	TRUE	0.325296829405978
Tef	Plcd1	3	cisbp__M0293	3.99	TRUE	0.181811236966195
Tef	Rimkla	6	cisbp__M0293	3.99	TRUE	0.301969114468752
Tef	Stx1a	8	cisbp__M0293	3.99	TRUE	0.589844712814357
Tef	Tac2	4	cisbp__M0293	3.99	TRUE	0.123734795416957
Tef	Tshz1	6	cisbp__M0293	3.99	TRUE	0.202030066075147
Tef	Wif1	2	cisbp__M0293	3.99	TRUE	0.127355031084352
Tef	Lrrc3b	1	transfac_pro__M07689	3.64	FALSE	0.204360340958475
Tef	Cxcl14	1	cisbp__M0304	3.59	FALSE	0.148934097908091
Tef	Ubl7	1	taipale_cyt_meth__CEBPG_NRTTGCGYAAYN_eDBD	3.11	FALSE	0.22755392351528
